ISO-10303-21;
HEADER;
FILE_DESCRIPTION(('STEP AP214'),'1');
FILE_NAME('RHL20_2P05X3P05','2026-01-10T01:07:51',(''),(''),'','','');
FILE_SCHEMA(('AUTOMOTIVE_DESIGN'));
ENDSEC;
DATA;
#1=SHAPE_DEFINITION_REPRESENTATION(#2,#3);
#2=PRODUCT_DEFINITION_SHAPE('',$,#4);
#3=SHAPE_REPRESENTATION('',(#188,#244,#540,#837,#1699,#2561,#3423,#4285,#5147,#6009,#6871,#7733,#8595,#9457,#10319,#11181,#12043,#12905,#13767,#14629,#15491,#16353,#17215,#19),#11);
#4=PRODUCT_DEFINITION('design','example product_definition',#6,#5);
#5=PRODUCT_DEFINITION_CONTEXT('3D Mechanical Parts',#10,'design');
#6=PRODUCT_DEFINITION_FORMATION('1.0','first version',#8);
#7=APPLICATION_PROTOCOL_DEFINITION('international standard','automotive_design',2003,#10);
#8=PRODUCT('product','part','',(#9));
#9=PRODUCT_CONTEXT('3D Mechanical Parts',#10,'mechanical');
#10=APPLICATION_CONTEXT('Core Data for Automotive Mechanical Design Process');
#11=(GEOMETRIC_REPRESENTATION_CONTEXT(3) GLOBAL_UNCERTAINTY_ASSIGNED_CONTEXT((#12)) GLOBAL_UNIT_ASSIGNED_CONTEXT((#13,#14,#18)) REPRESENTATION_CONTEXT('ID1','3D'));
#12=UNCERTAINTY_MEASURE_WITH_UNIT(LENGTH_MEASURE(1.E-005),#13,'DISTANCE_ACCURACY_VALUE','Maximum model space distance between geometric entities at asserted connectivities');
#13=(LENGTH_UNIT() NAMED_UNIT(*) SI_UNIT(.MILLI.,.METRE.));
#14=(CONVERSION_BASED_UNIT('degree',#16) NAMED_UNIT(#15) PLANE_ANGLE_UNIT());
#15=DIMENSIONAL_EXPONENTS(0.,0.,0.,0.,0.,0.,0.);
#16=MEASURE_WITH_UNIT(PLANE_ANGLE_MEASURE(0.01745329252),#17);
#17=(NAMED_UNIT(*) PLANE_ANGLE_UNIT() SI_UNIT($,.RADIAN.));
#18=(NAMED_UNIT(*) SI_UNIT($,.STERADIAN.) SOLID_ANGLE_UNIT());
#19=AXIS2_PLACEMENT_3D('',#20,#21,#22);
#20=CARTESIAN_POINT('',(0.0,0.0,0.0));
#21=DIRECTION('',(0.0,0.0,1.0));
#22=DIRECTION('',(1.0,0.0,0.0));
#25=MECHANICAL_DESIGN_GEOMETRIC_PRESENTATION_REPRESENTATION($,(#240,#241,#242,#246,#295,#344,#393,#442,#491,#542,#591,#640,#689,#738,#787,#839,#888,#937,#1006,#1075,#1127,#1179,#1232,#1701,#1750,#1799,#1868,#1937,#1989,#2041,#2094,#2563,#2612,#2661,#2730,#2799,#2851,#2903,#2956,#3425,#3474,#3523,#3592,#3661,#3713,#3765,#3818,#4287,#4336,#4385,#4454,#4523,#4575,#4627,#4680,#5149,#5198,#5247,#5316,#5385,#5437,#5489,#5542,#6011,#6060,#6109,#6178,#6247,#6299,#6351,#6404,#6873,#6922,#6971,#7040,#7109,#7161,#7213,#7266,#7735,#7784,#7833,#7902,#7971,#8023,#8075,#8128,#8597,#8646,#8695,#8764,#8833,#8885,#8937,#8990,#9459,#9508,#9557,#9626,#9695,#9747,#9799,#9852,#10321,#10370,#10419,#10488,#10557,#10609,#10661,#10714,#11183,#11232,#11281,#11350,#11419,#11471,#11523,#11576,#12045,#12094,#12143,#12212,#12281,#12333,#12385,#12438,#12907,#12956,#13005,#13074,#13143,#13195,#13247,#13300,#13769,#13818,#13867,#13936,#14005,#14057,#14109,#14162,#14631,#14680,#14729,#14798,#14867,#14919,#14971,#15024,#15493,#15542,#15591,#15660,#15729,#15781,#15833,#15886,#16355,#16404,#16453,#16522,#16591,#16643,#16695,#16748,#17217,#17266,#17315,#17384,#17453,#17505,#17557,#17610),#11);
#26=PRODUCT_CATEGORY_RELATIONSHIP('','',#27,#28);
#27=PRODUCT_CATEGORY('part','');
#28=PRODUCT_RELATED_PRODUCT_CATEGORY('','',(#8));
#34=PRESENTATION_STYLE_ASSIGNMENT((#35,#40));
#35=SURFACE_STYLE_USAGE(.BOTH.,#36);
#36=SURFACE_SIDE_STYLE('',(#37));
#37=SURFACE_STYLE_FILL_AREA(#38);
#38=FILL_AREA_STYLE('',(#39));
#39=FILL_AREA_STYLE_COLOUR('',#41);
#40=CURVE_STYLE('',#42,POSITIVE_LENGTH_MEASURE(0.1),#41);
#41=COLOUR_RGB('Aluminum',0.725,0.725,0.725);
#42=DRAUGHTING_PRE_DEFINED_CURVE_FONT('continuous');
#43=PRESENTATION_STYLE_ASSIGNMENT((#44,#49));
#44=SURFACE_STYLE_USAGE(.BOTH.,#45);
#45=SURFACE_SIDE_STYLE('',(#46));
#46=SURFACE_STYLE_FILL_AREA(#47);
#47=FILL_AREA_STYLE('',(#48));
#48=FILL_AREA_STYLE_COLOUR('',#50);
#49=CURVE_STYLE('',#51,POSITIVE_LENGTH_MEASURE(0.1),#50);
#50=COLOUR_RGB('Black',0.196,0.196,0.196);
#51=DRAUGHTING_PRE_DEFINED_CURVE_FONT('continuous');
#52=PRESENTATION_STYLE_ASSIGNMENT((#53,#58));
#53=SURFACE_STYLE_USAGE(.BOTH.,#54);
#54=SURFACE_SIDE_STYLE('',(#55));
#55=SURFACE_STYLE_FILL_AREA(#56);
#56=FILL_AREA_STYLE('',(#57));
#57=FILL_AREA_STYLE_COLOUR('',#59);
#58=CURVE_STYLE('',#60,POSITIVE_LENGTH_MEASURE(0.1),#59);
#59=COLOUR_RGB('Pin1',0.588,0.588,0.588);
#60=DRAUGHTING_PRE_DEFINED_CURVE_FONT('continuous');
#61=PRESENTATION_STYLE_ASSIGNMENT((#62,#67));
#62=SURFACE_STYLE_USAGE(.BOTH.,#63);
#63=SURFACE_SIDE_STYLE('',(#64));
#64=SURFACE_STYLE_FILL_AREA(#65);
#65=FILL_AREA_STYLE('',(#66));
#66=FILL_AREA_STYLE_COLOUR('',#68);
#67=CURVE_STYLE('',#69,POSITIVE_LENGTH_MEASURE(0.1),#68);
#68=COLOUR_RGB('HeatTab',0.588,0.588,0.588);
#69=DRAUGHTING_PRE_DEFINED_CURVE_FONT('continuous');
#70=PRESENTATION_STYLE_ASSIGNMENT((#71,#76));
#71=SURFACE_STYLE_USAGE(.BOTH.,#72);
#72=SURFACE_SIDE_STYLE('',(#73));
#73=SURFACE_STYLE_FILL_AREA(#74);
#74=FILL_AREA_STYLE('',(#75));
#75=FILL_AREA_STYLE_COLOUR('',#77);
#76=CURVE_STYLE('',#78,POSITIVE_LENGTH_MEASURE(0.1),#77);
#77=COLOUR_RGB('Gold',0.843,0.686,0.0);
#78=DRAUGHTING_PRE_DEFINED_CURVE_FONT('continuous');
#79=PRESENTATION_STYLE_ASSIGNMENT((#80,#85));
#80=SURFACE_STYLE_USAGE(.BOTH.,#81);
#81=SURFACE_SIDE_STYLE('',(#82));
#82=SURFACE_STYLE_FILL_AREA(#83);
#83=FILL_AREA_STYLE('',(#84));
#84=FILL_AREA_STYLE_COLOUR('',#86);
#85=CURVE_STYLE('',#87,POSITIVE_LENGTH_MEASURE(0.1),#86);
#86=COLOUR_RGB('Brown',0.459,0.345,0.176);
#87=DRAUGHTING_PRE_DEFINED_CURVE_FONT('continuous');
#88=PRESENTATION_STYLE_ASSIGNMENT((#89,#94));
#89=SURFACE_STYLE_USAGE(.BOTH.,#90);
#90=SURFACE_SIDE_STYLE('',(#91));
#91=SURFACE_STYLE_FILL_AREA(#92);
#92=FILL_AREA_STYLE('',(#93));
#93=FILL_AREA_STYLE_COLOUR('',#95);
#94=CURVE_STYLE('',#96,POSITIVE_LENGTH_MEASURE(0.1),#95);
#95=COLOUR_RGB('Tan',0.784,0.686,0.51);
#96=DRAUGHTING_PRE_DEFINED_CURVE_FONT('continuous');
#97=PRESENTATION_STYLE_ASSIGNMENT((#98,#103));
#98=SURFACE_STYLE_USAGE(.BOTH.,#99);
#99=SURFACE_SIDE_STYLE('',(#100));
#100=SURFACE_STYLE_FILL_AREA(#101);
#101=FILL_AREA_STYLE('',(#102));
#102=FILL_AREA_STYLE_COLOUR('',#104);
#103=CURVE_STYLE('',#105,POSITIVE_LENGTH_MEASURE(0.1),#104);
#104=COLOUR_RGB('Gray',0.431,0.431,0.431);
#105=DRAUGHTING_PRE_DEFINED_CURVE_FONT('continuous');
#106=PRESENTATION_STYLE_ASSIGNMENT((#107,#112));
#107=SURFACE_STYLE_USAGE(.BOTH.,#108);
#108=SURFACE_SIDE_STYLE('',(#109));
#109=SURFACE_STYLE_FILL_AREA(#110);
#110=FILL_AREA_STYLE('',(#111));
#111=FILL_AREA_STYLE_COLOUR('',#113);
#112=CURVE_STYLE('',#114,POSITIVE_LENGTH_MEASURE(0.1),#113);
#113=COLOUR_RGB('Red',0.6,0.0,0.0);
#114=DRAUGHTING_PRE_DEFINED_CURVE_FONT('continuous');
#115=PRESENTATION_STYLE_ASSIGNMENT((#116,#121));
#116=SURFACE_STYLE_USAGE(.BOTH.,#117);
#117=SURFACE_SIDE_STYLE('',(#118));
#118=SURFACE_STYLE_FILL_AREA(#119);
#119=FILL_AREA_STYLE('',(#120));
#120=FILL_AREA_STYLE_COLOUR('',#122);
#121=CURVE_STYLE('',#123,POSITIVE_LENGTH_MEASURE(0.1),#122);
#122=COLOUR_RGB('Blue',0.157,0.157,0.588);
#123=DRAUGHTING_PRE_DEFINED_CURVE_FONT('continuous');
#124=PRESENTATION_STYLE_ASSIGNMENT((#125,#130));
#125=SURFACE_STYLE_USAGE(.BOTH.,#126);
#126=SURFACE_SIDE_STYLE('',(#127));
#127=SURFACE_STYLE_FILL_AREA(#128);
#128=FILL_AREA_STYLE('',(#129));
#129=FILL_AREA_STYLE_COLOUR('',#131);
#130=CURVE_STYLE('',#132,POSITIVE_LENGTH_MEASURE(0.1),#131);
#131=COLOUR_RGB('Maroon',0.294,0.0,0.0);
#132=DRAUGHTING_PRE_DEFINED_CURVE_FONT('continuous');
#133=PRESENTATION_STYLE_ASSIGNMENT((#134,#139));
#134=SURFACE_STYLE_USAGE(.BOTH.,#135);
#135=SURFACE_SIDE_STYLE('',(#136));
#136=SURFACE_STYLE_FILL_AREA(#137);
#137=FILL_AREA_STYLE('',(#138));
#138=FILL_AREA_STYLE_COLOUR('',#140);
#139=CURVE_STYLE('',#141,POSITIVE_LENGTH_MEASURE(0.1),#140);
#140=COLOUR_RGB('Green',0.0,0.294,0.0);
#141=DRAUGHTING_PRE_DEFINED_CURVE_FONT('continuous');
#142=PRESENTATION_STYLE_ASSIGNMENT((#143,#148));
#143=SURFACE_STYLE_USAGE(.BOTH.,#144);
#144=SURFACE_SIDE_STYLE('',(#145));
#145=SURFACE_STYLE_FILL_AREA(#146);
#146=FILL_AREA_STYLE('',(#147));
#147=FILL_AREA_STYLE_COLOUR('',#149);
#148=CURVE_STYLE('',#150,POSITIVE_LENGTH_MEASURE(0.1),#149);
#149=COLOUR_RGB('Pin1Wrap',0.98,0.706,0.176);
#150=DRAUGHTING_PRE_DEFINED_CURVE_FONT('continuous');
#151=PRESENTATION_STYLE_ASSIGNMENT((#152,#157));
#152=SURFACE_STYLE_USAGE(.BOTH.,#153);
#153=SURFACE_SIDE_STYLE('',(#154));
#154=SURFACE_STYLE_FILL_AREA(#155);
#155=FILL_AREA_STYLE('',(#156));
#156=FILL_AREA_STYLE_COLOUR('',#158);
#157=CURVE_STYLE('',#159,POSITIVE_LENGTH_MEASURE(0.1),#158);
#158=COLOUR_RGB('Pin1Rad',0.588,0.588,0.588);
#159=DRAUGHTING_PRE_DEFINED_CURVE_FONT('continuous');
#160=PRESENTATION_STYLE_ASSIGNMENT((#161,#166));
#161=SURFACE_STYLE_USAGE(.BOTH.,#162);
#162=SURFACE_SIDE_STYLE('',(#163));
#163=SURFACE_STYLE_FILL_AREA(#164);
#164=FILL_AREA_STYLE('',(#165));
#165=FILL_AREA_STYLE_COLOUR('',#167);
#166=CURVE_STYLE('',#168,POSITIVE_LENGTH_MEASURE(0.1),#167);
#167=COLOUR_RGB('Pin1Axial',0.98,0.706,0.176);
#168=DRAUGHTING_PRE_DEFINED_CURVE_FONT('continuous');
#169=PRESENTATION_STYLE_ASSIGNMENT((#170,#175));
#170=SURFACE_STYLE_USAGE(.BOTH.,#171);
#171=SURFACE_SIDE_STYLE('',(#172));
#172=SURFACE_STYLE_FILL_AREA(#173);
#173=FILL_AREA_STYLE('',(#174));
#174=FILL_AREA_STYLE_COLOUR('',#176);
#175=CURVE_STYLE('',#177,POSITIVE_LENGTH_MEASURE(0.1),#176);
#176=COLOUR_RGB('Pin1Tant',0.459,0.345,0.176);
#177=DRAUGHTING_PRE_DEFINED_CURVE_FONT('continuous');
#178=PRESENTATION_STYLE_ASSIGNMENT((#179,#184));
#179=SURFACE_STYLE_USAGE(.BOTH.,#180);
#180=SURFACE_SIDE_STYLE('',(#181));
#181=SURFACE_STYLE_FILL_AREA(#182);
#182=FILL_AREA_STYLE('',(#183));
#183=FILL_AREA_STYLE_COLOUR('',#185);
#184=CURVE_STYLE('',#186,POSITIVE_LENGTH_MEASURE(0.1),#185);
#185=COLOUR_RGB('Shroud',0.235,0.235,0.235);
#186=DRAUGHTING_PRE_DEFINED_CURVE_FONT('continuous');
#188=MANIFOLD_SOLID_BREP($,#189);
#189=CLOSED_SHELL('',(#190,#191,#192));
#190=ADVANCED_FACE($,(#196,#195),#213,.T.);
#191=ADVANCED_FACE($,(#197),#193,.F.);
#192=ADVANCED_FACE($,(#198),#194,.T.);
#193=PLANE($,#218);
#194=PLANE($,#219);
#195=FACE_BOUND($,#200,.T.);
#196=FACE_OUTER_BOUND($,#199,.T.);
#197=FACE_OUTER_BOUND($,#201,.T.);
#198=FACE_OUTER_BOUND($,#202,.T.);
#199=EDGE_LOOP($,(#209));
#200=EDGE_LOOP($,(#210));
#201=EDGE_LOOP($,(#211));
#202=EDGE_LOOP($,(#212));
#203=CIRCLE($,#216,0.091250008);
#204=CIRCLE($,#217,0.091250008);
#205=VERTEX_POINT('',#234);
#206=VERTEX_POINT('',#236);
#207=EDGE_CURVE($,#205,#205,#203,.T.);
#208=EDGE_CURVE($,#206,#206,#204,.T.);
#209=ORIENTED_EDGE($,*,*,#207,.F.);
#210=ORIENTED_EDGE($,*,*,#208,.F.);
#211=ORIENTED_EDGE($,*,*,#208,.T.);
#212=ORIENTED_EDGE($,*,*,#207,.T.);
#213=CYLINDRICAL_SURFACE($,#215,0.091250008);
#214=AXIS2_PLACEMENT_3D('placement',#232,#220,#221);
#215=AXIS2_PLACEMENT_3D($,#233,#222,#223);
#216=AXIS2_PLACEMENT_3D($,#235,#224,#225);
#217=AXIS2_PLACEMENT_3D($,#237,#226,#227);
#218=AXIS2_PLACEMENT_3D($,#238,#228,#229);
#219=AXIS2_PLACEMENT_3D($,#239,#230,#231);
#220=DIRECTION('axis',(0.,1.,0.));
#221=DIRECTION('refdir',(1.,0.,0.));
#222=DIRECTION('',(0.,0.,1.));
#223=DIRECTION('',(1.,0.,0.));
#224=DIRECTION('',(0.,0.,1.));
#225=DIRECTION('',(1.,0.,0.));
#226=DIRECTION('',(0.,0.,-1.));
#227=DIRECTION('',(1.,0.,0.));
#228=DIRECTION('',(0.,0.,1.));
#229=DIRECTION('',(0.,1.,0.));
#230=DIRECTION('',(0.,0.,1.));
#231=DIRECTION('',(0.,1.,0.));
#232=CARTESIAN_POINT('',(0.,0.,0.));
#233=CARTESIAN_POINT('',(-0.75,1.86,1.0));
#234=CARTESIAN_POINT('',(-0.841,1.86,1.003));
#235=CARTESIAN_POINT('',(-0.75,1.86,1.003));
#236=CARTESIAN_POINT('',(-0.841,1.86,1.0));
#237=CARTESIAN_POINT('',(-0.75,1.86,1.0));
#238=CARTESIAN_POINT('',(-0.75,1.86,1.0));
#239=CARTESIAN_POINT('',(-0.75,1.86,1.003));
#240=STYLED_ITEM('color',(#52),#190);
#241=STYLED_ITEM('color',(#52),#191);
#242=STYLED_ITEM('color',(#52),#192);
#244=MANIFOLD_SOLID_BREP($,#245);
#245=CLOSED_SHELL('',(#247,#296,#345,#394,#443,#492));
#246=STYLED_ITEM('',(#43),#247);
#247=ADVANCED_FACE('',(#253),#248,.T.);
#248=PLANE('',#249);
#249=AXIS2_PLACEMENT_3D('',#250,#251,#252);
#250=CARTESIAN_POINT('',(-1.825,-2.325,0.051));
#251=DIRECTION('',(0.0,-1.0,0.0));
#252=DIRECTION('',(0.,0.,1.));
#253=FACE_OUTER_BOUND('',#254,.T.);
#254=EDGE_LOOP('',(#255,#265,#275,#285));
#258=CARTESIAN_POINT('',(1.825,-2.325,0.051));
#257=VERTEX_POINT('',#258);
#260=CARTESIAN_POINT('',(-1.825,-2.325,0.051));
#259=VERTEX_POINT('',#260);
#256=EDGE_CURVE('',#257,#259,#261,.T.);
#261=LINE('',#258,#263);
#263=VECTOR('',#264,3.65000032);
#264=DIRECTION('',(-1.0,0.0,0.0));
#255=ORIENTED_EDGE('',*,*,#256,.F.);
#268=CARTESIAN_POINT('',(1.825,-2.325,1.0));
#267=VERTEX_POINT('',#268);
#266=EDGE_CURVE('',#267,#257,#271,.T.);
#271=LINE('',#268,#273);
#273=VECTOR('',#274,0.949174632);
#274=DIRECTION('',(0.0,0.0,-1.0));
#265=ORIENTED_EDGE('',*,*,#266,.F.);
#278=CARTESIAN_POINT('',(-1.825,-2.325,1.0));
#277=VERTEX_POINT('',#278);
#276=EDGE_CURVE('',#277,#267,#281,.T.);
#281=LINE('',#278,#283);
#283=VECTOR('',#284,3.65000032);
#284=DIRECTION('',(1.0,0.0,0.0));
#275=ORIENTED_EDGE('',*,*,#276,.F.);
#286=EDGE_CURVE('',#259,#277,#291,.T.);
#291=LINE('',#260,#293);
#293=VECTOR('',#294,0.949174632);
#294=DIRECTION('',(0.0,0.0,1.0));
#285=ORIENTED_EDGE('',*,*,#286,.F.);
#295=STYLED_ITEM('',(#43),#296);
#296=ADVANCED_FACE('',(#302),#297,.T.);
#297=PLANE('',#298);
#298=AXIS2_PLACEMENT_3D('',#299,#300,#301);
#299=CARTESIAN_POINT('',(1.825,-2.325,0.051));
#300=DIRECTION('',(1.0,0.0,0.0));
#301=DIRECTION('',(0.,0.,1.));
#302=FACE_OUTER_BOUND('',#303,.T.);
#303=EDGE_LOOP('',(#304,#314,#324,#334));
#307=CARTESIAN_POINT('',(1.825,2.325,0.051));
#306=VERTEX_POINT('',#307);
#305=EDGE_CURVE('',#306,#257,#310,.T.);
#310=LINE('',#307,#312);
#312=VECTOR('',#313,4.65000086);
#313=DIRECTION('',(0.0,-1.0,0.0));
#304=ORIENTED_EDGE('',*,*,#305,.F.);
#317=CARTESIAN_POINT('',(1.825,2.325,1.0));
#316=VERTEX_POINT('',#317);
#315=EDGE_CURVE('',#316,#306,#320,.T.);
#320=LINE('',#317,#322);
#322=VECTOR('',#323,0.949174632);
#323=DIRECTION('',(0.0,0.0,-1.0));
#314=ORIENTED_EDGE('',*,*,#315,.F.);
#325=EDGE_CURVE('',#267,#316,#330,.T.);
#330=LINE('',#268,#332);
#332=VECTOR('',#333,4.65000086);
#333=DIRECTION('',(0.0,1.0,0.0));
#324=ORIENTED_EDGE('',*,*,#325,.F.);
#334=ORIENTED_EDGE('',*,*,#266,.T.);
#344=STYLED_ITEM('',(#43),#345);
#345=ADVANCED_FACE('',(#351),#346,.T.);
#346=PLANE('',#347);
#347=AXIS2_PLACEMENT_3D('',#348,#349,#350);
#348=CARTESIAN_POINT('',(1.825,2.325,0.051));
#349=DIRECTION('',(0.0,1.0,0.0));
#350=DIRECTION('',(0.,0.,1.));
#351=FACE_OUTER_BOUND('',#352,.T.);
#352=EDGE_LOOP('',(#353,#363,#373,#383));
#356=CARTESIAN_POINT('',(-1.825,2.325,0.051));
#355=VERTEX_POINT('',#356);
#354=EDGE_CURVE('',#355,#306,#359,.T.);
#359=LINE('',#356,#361);
#361=VECTOR('',#362,3.65000032);
#362=DIRECTION('',(1.0,0.0,0.0));
#353=ORIENTED_EDGE('',*,*,#354,.F.);
#366=CARTESIAN_POINT('',(-1.825,2.325,1.0));
#365=VERTEX_POINT('',#366);
#364=EDGE_CURVE('',#365,#355,#369,.T.);
#369=LINE('',#366,#371);
#371=VECTOR('',#372,0.949174632);
#372=DIRECTION('',(0.0,0.0,-1.0));
#363=ORIENTED_EDGE('',*,*,#364,.F.);
#374=EDGE_CURVE('',#316,#365,#379,.T.);
#379=LINE('',#317,#381);
#381=VECTOR('',#382,3.65000032);
#382=DIRECTION('',(-1.0,0.0,0.0));
#373=ORIENTED_EDGE('',*,*,#374,.F.);
#383=ORIENTED_EDGE('',*,*,#315,.T.);
#393=STYLED_ITEM('',(#43),#394);
#394=ADVANCED_FACE('',(#400),#395,.T.);
#395=PLANE('',#396);
#396=AXIS2_PLACEMENT_3D('',#397,#398,#399);
#397=CARTESIAN_POINT('',(-1.825,2.325,0.051));
#398=DIRECTION('',(-1.0,0.0,0.0));
#399=DIRECTION('',(0.,0.,1.));
#400=FACE_OUTER_BOUND('',#401,.T.);
#401=EDGE_LOOP('',(#402,#412,#422,#432));
#403=EDGE_CURVE('',#259,#355,#408,.T.);
#408=LINE('',#260,#410);
#410=VECTOR('',#411,4.65000086);
#411=DIRECTION('',(0.0,1.0,0.0));
#402=ORIENTED_EDGE('',*,*,#403,.F.);
#412=ORIENTED_EDGE('',*,*,#286,.T.);
#423=EDGE_CURVE('',#365,#277,#428,.T.);
#428=LINE('',#366,#430);
#430=VECTOR('',#431,4.65000086);
#431=DIRECTION('',(0.0,-1.0,0.0));
#422=ORIENTED_EDGE('',*,*,#423,.F.);
#432=ORIENTED_EDGE('',*,*,#364,.T.);
#442=STYLED_ITEM('',(#43),#443);
#443=ADVANCED_FACE('',(#449),#444,.T.);
#444=PLANE('',#445);
#445=AXIS2_PLACEMENT_3D('',#446,#447,#448);
#446=CARTESIAN_POINT('',(-1.825,2.325,0.051));
#447=DIRECTION('',(0.0,0.0,-1.0));
#448=DIRECTION('',(0.,1.,0.));
#449=FACE_OUTER_BOUND('',#450,.T.);
#450=EDGE_LOOP('',(#451,#461,#471,#481));
#451=ORIENTED_EDGE('',*,*,#354,.T.);
#461=ORIENTED_EDGE('',*,*,#305,.T.);
#471=ORIENTED_EDGE('',*,*,#256,.T.);
#481=ORIENTED_EDGE('',*,*,#403,.T.);
#491=STYLED_ITEM('',(#43),#492);
#492=ADVANCED_FACE('',(#498),#493,.T.);
#493=PLANE('',#494);
#494=AXIS2_PLACEMENT_3D('',#495,#496,#497);
#495=CARTESIAN_POINT('',(-1.825,-2.325,1.0));
#496=DIRECTION('',(0.0,0.0,1.0));
#497=DIRECTION('',(0.,1.,0.));
#498=FACE_OUTER_BOUND('',#499,.T.);
#499=EDGE_LOOP('',(#500,#510,#520,#530));
#500=ORIENTED_EDGE('',*,*,#276,.T.);
#510=ORIENTED_EDGE('',*,*,#325,.T.);
#520=ORIENTED_EDGE('',*,*,#374,.T.);
#530=ORIENTED_EDGE('',*,*,#423,.T.);
#540=MANIFOLD_SOLID_BREP($,#541);
#541=CLOSED_SHELL('',(#543,#592,#641,#690,#739,#788));
#542=STYLED_ITEM('',(#61),#543);
#543=ADVANCED_FACE('',(#549),#544,.T.);
#544=PLANE('',#545);
#545=AXIS2_PLACEMENT_3D('',#546,#547,#548);
#546=CARTESIAN_POINT('',(-1.025,-1.525,0.0));
#547=DIRECTION('',(0.0,-1.0,0.0));
#548=DIRECTION('',(0.,0.,1.));
#549=FACE_OUTER_BOUND('',#550,.T.);
#550=EDGE_LOOP('',(#551,#561,#571,#581));
#554=CARTESIAN_POINT('',(1.025,-1.525,0.0));
#553=VERTEX_POINT('',#554);
#556=CARTESIAN_POINT('',(-1.025,-1.525,0.0));
#555=VERTEX_POINT('',#556);
#552=EDGE_CURVE('',#553,#555,#557,.T.);
#557=LINE('',#554,#559);
#559=VECTOR('',#560,2.049999964);
#560=DIRECTION('',(-1.0,0.0,0.0));
#551=ORIENTED_EDGE('',*,*,#552,.F.);
#564=CARTESIAN_POINT('',(1.025,-1.525,0.051));
#563=VERTEX_POINT('',#564);
#562=EDGE_CURVE('',#563,#553,#567,.T.);
#567=LINE('',#564,#569);
#569=VECTOR('',#570,0.0508);
#570=DIRECTION('',(0.0,0.0,-1.0));
#561=ORIENTED_EDGE('',*,*,#562,.F.);
#574=CARTESIAN_POINT('',(-1.025,-1.525,0.051));
#573=VERTEX_POINT('',#574);
#572=EDGE_CURVE('',#573,#563,#577,.T.);
#577=LINE('',#574,#579);
#579=VECTOR('',#580,2.049999964);
#580=DIRECTION('',(1.0,0.0,0.0));
#571=ORIENTED_EDGE('',*,*,#572,.F.);
#582=EDGE_CURVE('',#555,#573,#587,.T.);
#587=LINE('',#556,#589);
#589=VECTOR('',#590,0.0508);
#590=DIRECTION('',(0.0,0.0,1.0));
#581=ORIENTED_EDGE('',*,*,#582,.F.);
#591=STYLED_ITEM('',(#61),#592);
#592=ADVANCED_FACE('',(#598),#593,.T.);
#593=PLANE('',#594);
#594=AXIS2_PLACEMENT_3D('',#595,#596,#597);
#595=CARTESIAN_POINT('',(1.025,-1.525,0.0));
#596=DIRECTION('',(1.0,0.0,0.0));
#597=DIRECTION('',(0.,0.,1.));
#598=FACE_OUTER_BOUND('',#599,.T.);
#599=EDGE_LOOP('',(#600,#610,#620,#630));
#603=CARTESIAN_POINT('',(1.025,1.525,0.0));
#602=VERTEX_POINT('',#603);
#601=EDGE_CURVE('',#602,#553,#606,.T.);
#606=LINE('',#603,#608);
#608=VECTOR('',#609,3.04999898);
#609=DIRECTION('',(0.0,-1.0,0.0));
#600=ORIENTED_EDGE('',*,*,#601,.F.);
#613=CARTESIAN_POINT('',(1.025,1.525,0.051));
#612=VERTEX_POINT('',#613);
#611=EDGE_CURVE('',#612,#602,#616,.T.);
#616=LINE('',#613,#618);
#618=VECTOR('',#619,0.0508);
#619=DIRECTION('',(0.0,0.0,-1.0));
#610=ORIENTED_EDGE('',*,*,#611,.F.);
#621=EDGE_CURVE('',#563,#612,#626,.T.);
#626=LINE('',#564,#628);
#628=VECTOR('',#629,3.04999898);
#629=DIRECTION('',(0.0,1.0,0.0));
#620=ORIENTED_EDGE('',*,*,#621,.F.);
#630=ORIENTED_EDGE('',*,*,#562,.T.);
#640=STYLED_ITEM('',(#61),#641);
#641=ADVANCED_FACE('',(#647),#642,.T.);
#642=PLANE('',#643);
#643=AXIS2_PLACEMENT_3D('',#644,#645,#646);
#644=CARTESIAN_POINT('',(1.025,1.525,0.0));
#645=DIRECTION('',(0.0,1.0,0.0));
#646=DIRECTION('',(0.,0.,1.));
#647=FACE_OUTER_BOUND('',#648,.T.);
#648=EDGE_LOOP('',(#649,#659,#669,#679));
#652=CARTESIAN_POINT('',(-1.025,1.525,0.0));
#651=VERTEX_POINT('',#652);
#650=EDGE_CURVE('',#651,#602,#655,.T.);
#655=LINE('',#652,#657);
#657=VECTOR('',#658,2.049999964);
#658=DIRECTION('',(1.0,0.0,0.0));
#649=ORIENTED_EDGE('',*,*,#650,.F.);
#662=CARTESIAN_POINT('',(-1.025,1.525,0.051));
#661=VERTEX_POINT('',#662);
#660=EDGE_CURVE('',#661,#651,#665,.T.);
#665=LINE('',#662,#667);
#667=VECTOR('',#668,0.0508);
#668=DIRECTION('',(0.0,0.0,-1.0));
#659=ORIENTED_EDGE('',*,*,#660,.F.);
#670=EDGE_CURVE('',#612,#661,#675,.T.);
#675=LINE('',#613,#677);
#677=VECTOR('',#678,2.049999964);
#678=DIRECTION('',(-1.0,0.0,0.0));
#669=ORIENTED_EDGE('',*,*,#670,.F.);
#679=ORIENTED_EDGE('',*,*,#611,.T.);
#689=STYLED_ITEM('',(#61),#690);
#690=ADVANCED_FACE('',(#696),#691,.T.);
#691=PLANE('',#692);
#692=AXIS2_PLACEMENT_3D('',#693,#694,#695);
#693=CARTESIAN_POINT('',(-1.025,1.525,0.0));
#694=DIRECTION('',(-1.0,0.0,0.0));
#695=DIRECTION('',(0.,0.,1.));
#696=FACE_OUTER_BOUND('',#697,.T.);
#697=EDGE_LOOP('',(#698,#708,#718,#728));
#699=EDGE_CURVE('',#555,#651,#704,.T.);
#704=LINE('',#556,#706);
#706=VECTOR('',#707,3.04999898);
#707=DIRECTION('',(0.0,1.0,0.0));
#698=ORIENTED_EDGE('',*,*,#699,.F.);
#708=ORIENTED_EDGE('',*,*,#582,.T.);
#719=EDGE_CURVE('',#661,#573,#724,.T.);
#724=LINE('',#662,#726);
#726=VECTOR('',#727,3.04999898);
#727=DIRECTION('',(0.0,-1.0,0.0));
#718=ORIENTED_EDGE('',*,*,#719,.F.);
#728=ORIENTED_EDGE('',*,*,#660,.T.);
#738=STYLED_ITEM('',(#61),#739);
#739=ADVANCED_FACE('',(#745),#740,.T.);
#740=PLANE('',#741);
#741=AXIS2_PLACEMENT_3D('',#742,#743,#744);
#742=CARTESIAN_POINT('',(-1.025,1.525,0.0));
#743=DIRECTION('',(0.0,0.0,-1.0));
#744=DIRECTION('',(0.,1.,0.));
#745=FACE_OUTER_BOUND('',#746,.T.);
#746=EDGE_LOOP('',(#747,#757,#767,#777));
#747=ORIENTED_EDGE('',*,*,#650,.T.);
#757=ORIENTED_EDGE('',*,*,#601,.T.);
#767=ORIENTED_EDGE('',*,*,#552,.T.);
#777=ORIENTED_EDGE('',*,*,#699,.T.);
#787=STYLED_ITEM('',(#61),#788);
#788=ADVANCED_FACE('',(#794),#789,.T.);
#789=PLANE('',#790);
#790=AXIS2_PLACEMENT_3D('',#791,#792,#793);
#791=CARTESIAN_POINT('',(-1.025,-1.525,0.051));
#792=DIRECTION('',(0.0,0.0,1.0));
#793=DIRECTION('',(0.,1.,0.));
#794=FACE_OUTER_BOUND('',#795,.T.);
#795=EDGE_LOOP('',(#796,#806,#816,#826));
#796=ORIENTED_EDGE('',*,*,#572,.T.);
#806=ORIENTED_EDGE('',*,*,#621,.T.);
#816=ORIENTED_EDGE('',*,*,#670,.T.);
#826=ORIENTED_EDGE('',*,*,#719,.T.);
#837=MANIFOLD_SOLID_BREP($,#838);
#838=CLOSED_SHELL('',(#840,#889,#938,#1007,#1076,#1128,#1180,#1233));
#839=STYLED_ITEM('',(#34),#840);
#840=ADVANCED_FACE('',(#846),#841,.T.);
#841=PLANE('',#842);
#842=AXIS2_PLACEMENT_3D('',#843,#844,#845);
#843=CARTESIAN_POINT('',(1.876,1.61,0.381));
#844=DIRECTION('',(0.0,0.0,1.0));
#845=DIRECTION('',(0.,1.,0.));
#846=FACE_OUTER_BOUND('',#847,.T.);
#847=EDGE_LOOP('',(#848,#858,#868,#878));
#851=CARTESIAN_POINT('',(1.876,1.89,0.381));
#850=VERTEX_POINT('',#851);
#853=CARTESIAN_POINT('',(1.876,1.61,0.381));
#852=VERTEX_POINT('',#853);
#849=EDGE_CURVE('',#850,#852,#854,.T.);
#854=LINE('',#851,#856);
#856=VECTOR('',#857,0.279999948);
#857=DIRECTION('',(0.0,-1.0,0.0));
#848=ORIENTED_EDGE('',*,*,#849,.F.);
#861=CARTESIAN_POINT('',(1.825,1.89,0.381));
#860=VERTEX_POINT('',#861);
#859=EDGE_CURVE('',#860,#850,#864,.T.);
#864=LINE('',#861,#866);
#866=VECTOR('',#867,0.0507999991660162);
#867=DIRECTION('',(1.0,0.0,0.0));
#858=ORIENTED_EDGE('',*,*,#859,.F.);
#871=CARTESIAN_POINT('',(1.825,1.61,0.381));
#870=VERTEX_POINT('',#871);
#869=EDGE_CURVE('',#870,#860,#874,.T.);
#874=LINE('',#871,#876);
#876=VECTOR('',#877,0.279999945882873);
#877=DIRECTION('',(0.0,1.0,0.0));
#868=ORIENTED_EDGE('',*,*,#869,.F.);
#879=EDGE_CURVE('',#852,#870,#884,.T.);
#884=LINE('',#853,#886);
#886=VECTOR('',#887,0.0507999991660159);
#887=DIRECTION('',(-1.0,0.0,0.0));
#878=ORIENTED_EDGE('',*,*,#879,.F.);
#888=STYLED_ITEM('',(#34),#889);
#889=ADVANCED_FACE('',(#895),#890,.T.);
#890=PLANE('',#891);
#891=AXIS2_PLACEMENT_3D('',#892,#893,#894);
#892=CARTESIAN_POINT('',(1.876,1.61,0.0));
#893=DIRECTION('',(1.0,0.0,0.0));
#894=DIRECTION('',(0.,0.,1.));
#895=FACE_OUTER_BOUND('',#896,.T.);
#896=EDGE_LOOP('',(#897,#907,#917,#927));
#900=CARTESIAN_POINT('',(1.876,1.89,0.0));
#899=VERTEX_POINT('',#900);
#902=CARTESIAN_POINT('',(1.876,1.61,0.0));
#901=VERTEX_POINT('',#902);
#898=EDGE_CURVE('',#899,#901,#903,.T.);
#903=LINE('',#900,#905);
#905=VECTOR('',#906,0.279999948);
#906=DIRECTION('',(0.0,-1.0,0.0));
#897=ORIENTED_EDGE('',*,*,#898,.F.);
#908=EDGE_CURVE('',#850,#899,#913,.T.);
#913=LINE('',#851,#915);
#915=VECTOR('',#916,0.381);
#916=DIRECTION('',(0.0,0.0,-1.0));
#907=ORIENTED_EDGE('',*,*,#908,.F.);
#917=ORIENTED_EDGE('',*,*,#849,.T.);
#928=EDGE_CURVE('',#901,#852,#933,.T.);
#933=LINE('',#902,#935);
#935=VECTOR('',#936,0.381);
#936=DIRECTION('',(0.0,0.0,1.0));
#927=ORIENTED_EDGE('',*,*,#928,.F.);
#937=STYLED_ITEM('',(#34),#938);
#938=ADVANCED_FACE('',(#944),#939,.T.);
#939=PLANE('',#940);
#940=AXIS2_PLACEMENT_3D('',#941,#942,#943);
#941=CARTESIAN_POINT('',(1.876,1.61,0.0));
#942=DIRECTION('',(0.0,-1.0,0.0));
#943=DIRECTION('',(0.,0.,1.));
#944=FACE_OUTER_BOUND('',#945,.T.);
#945=EDGE_LOOP('',(#946,#956,#966,#976,#986,#996));
#946=ORIENTED_EDGE('',*,*,#928,.T.);
#956=ORIENTED_EDGE('',*,*,#879,.T.);
#969=CARTESIAN_POINT('',(1.825,1.61,0.051));
#968=VERTEX_POINT('',#969);
#967=EDGE_CURVE('',#968,#870,#972,.T.);
#972=LINE('',#969,#974);
#974=VECTOR('',#975,0.3302);
#975=DIRECTION('',(0.0,0.0,1.0));
#966=ORIENTED_EDGE('',*,*,#967,.F.);
#979=CARTESIAN_POINT('',(1.44,1.61,0.051));
#978=VERTEX_POINT('',#979);
#977=EDGE_CURVE('',#978,#968,#982,.T.);
#982=LINE('',#979,#984);
#984=VECTOR('',#985,0.384999862824327);
#985=DIRECTION('',(1.0,0.0,0.0));
#976=ORIENTED_EDGE('',*,*,#977,.F.);
#989=CARTESIAN_POINT('',(1.44,1.61,0.0));
#988=VERTEX_POINT('',#989);
#987=EDGE_CURVE('',#988,#978,#992,.T.);
#992=LINE('',#989,#994);
#994=VECTOR('',#995,0.0508);
#995=DIRECTION('',(0.0,0.0,1.0));
#986=ORIENTED_EDGE('',*,*,#987,.F.);
#997=EDGE_CURVE('',#901,#988,#1002,.T.);
#1002=LINE('',#902,#1004);
#1004=VECTOR('',#1005,0.435799861990343);
#1005=DIRECTION('',(-1.0,0.0,0.0));
#996=ORIENTED_EDGE('',*,*,#997,.F.);
#1006=STYLED_ITEM('',(#34),#1007);
#1007=ADVANCED_FACE('',(#1013),#1008,.T.);
#1008=PLANE('',#1009);
#1009=AXIS2_PLACEMENT_3D('',#1010,#1011,#1012);
#1010=CARTESIAN_POINT('',(1.44,1.89,0.0));
#1011=DIRECTION('',(0.0,1.0,0.0));
#1012=DIRECTION('',(0.,0.,1.));
#1013=FACE_OUTER_BOUND('',#1014,.T.);
#1014=EDGE_LOOP('',(#1015,#1025,#1035,#1045,#1055,#1065));
#1018=CARTESIAN_POINT('',(1.44,1.89,0.051));
#1017=VERTEX_POINT('',#1018);
#1020=CARTESIAN_POINT('',(1.44,1.89,0.0));
#1019=VERTEX_POINT('',#1020);
#1016=EDGE_CURVE('',#1017,#1019,#1021,.T.);
#1021=LINE('',#1018,#1023);
#1023=VECTOR('',#1024,0.0508);
#1024=DIRECTION('',(0.0,0.0,-1.0));
#1015=ORIENTED_EDGE('',*,*,#1016,.F.);
#1028=CARTESIAN_POINT('',(1.825,1.89,0.051));
#1027=VERTEX_POINT('',#1028);
#1026=EDGE_CURVE('',#1027,#1017,#1031,.T.);
#1031=LINE('',#1028,#1033);
#1033=VECTOR('',#1034,0.384999862824327);
#1034=DIRECTION('',(-1.0,0.0,0.0));
#1025=ORIENTED_EDGE('',*,*,#1026,.F.);
#1036=EDGE_CURVE('',#860,#1027,#1041,.T.);
#1041=LINE('',#861,#1043);
#1043=VECTOR('',#1044,0.3302);
#1044=DIRECTION('',(0.0,0.0,-1.0));
#1035=ORIENTED_EDGE('',*,*,#1036,.F.);
#1045=ORIENTED_EDGE('',*,*,#859,.T.);
#1055=ORIENTED_EDGE('',*,*,#908,.T.);
#1066=EDGE_CURVE('',#1019,#899,#1071,.T.);
#1071=LINE('',#1020,#1073);
#1073=VECTOR('',#1074,0.435799861990343);
#1074=DIRECTION('',(1.0,0.0,0.0));
#1065=ORIENTED_EDGE('',*,*,#1066,.F.);
#1075=STYLED_ITEM('color',(#34),#1076);
#1076=ADVANCED_FACE($,(#1082),#1077,.T.);
#1077=PLANE($,#1078);
#1078=AXIS2_PLACEMENT_3D($,#1079,#1080,#1081);
#1079=CARTESIAN_POINT('',(1.825,1.61,0.051));
#1080=DIRECTION('',(0.0,0.0,1.0));
#1081=DIRECTION('',(1.,0.,0.));
#1082=FACE_OUTER_BOUND($,#1083,.T.);
#1083=EDGE_LOOP($,(#1086, #1096, #1106, #1116));
#1086=ORIENTED_EDGE('',*,*,#977,.T.);
#1097=EDGE_CURVE('',#1027,#968,#1102,.T.);
#1102=LINE('',#1028,#1104);
#1104=VECTOR('',#1105,0.279999945882873);
#1105=DIRECTION('',(0.0,-1.0,0.0));
#1096=ORIENTED_EDGE('',*,*,#1097,.F.);
#1106=ORIENTED_EDGE('',*,*,#1026,.T.);
#1117=EDGE_CURVE($,#978,#1017,#1122,.T.);
#1122=CIRCLE($,#1123,0.139999974);
#1124=CARTESIAN_POINT('',(1.44,1.75,0.051));
#1123=AXIS2_PLACEMENT_3D($,#1124,#1125,#1126);
#1125=DIRECTION('',(0.0,0.0,-1.0));
#1126=DIRECTION('',(0.0,1.0,0.0));
#1116=ORIENTED_EDGE('',*,*,#1117,.F.);
#1127=STYLED_ITEM('color',(#34),#1128);
#1128=ADVANCED_FACE($,(#1134),#1129,.T.);
#1129=PLANE($,#1130);
#1130=AXIS2_PLACEMENT_3D($,#1131,#1132,#1133);
#1131=CARTESIAN_POINT('',(1.44,1.89,0.0));
#1132=DIRECTION('',(0.0,0.0,-1.0));
#1133=DIRECTION('',(1.,0.,0.));
#1134=FACE_OUTER_BOUND($,#1135,.T.);
#1135=EDGE_LOOP($,(#1138, #1148, #1158, #1168));
#1138=ORIENTED_EDGE('',*,*,#1066,.T.);
#1148=ORIENTED_EDGE('',*,*,#898,.T.);
#1158=ORIENTED_EDGE('',*,*,#997,.T.);
#1169=EDGE_CURVE($,#1019,#988,#1174,.T.);
#1174=CIRCLE($,#1175,0.139999974);
#1176=CARTESIAN_POINT('',(1.44,1.75,0.0));
#1175=AXIS2_PLACEMENT_3D($,#1176,#1177,#1178);
#1177=DIRECTION('',(0.0,0.0,1.0));
#1178=DIRECTION('',(0.0,-1.0,0.0));
#1168=ORIENTED_EDGE('',*,*,#1169,.F.);
#1179=STYLED_ITEM('color',(#34),#1180);
#1180=ADVANCED_FACE($,(#1186),#1181,.T.);
#1181=CYLINDRICAL_SURFACE($,#1182,0.139999974);
#1182=AXIS2_PLACEMENT_3D($,#1183,#1184,#1185);
#1183=CARTESIAN_POINT('',(1.44,1.75,0.0));
#1184=DIRECTION('',(0.,0.,1.));
#1185=DIRECTION('',(0.,1.,0.));
#1186=FACE_OUTER_BOUND($,#1187,.T.);
#1187=EDGE_LOOP($,(#1210, #1188, #1220, #1199));
#1210=ORIENTED_EDGE('',*,*,#1016,.T.);
#1188=ORIENTED_EDGE('',*,*,#1169,.T.);
#1220=ORIENTED_EDGE('',*,*,#987,.T.);
#1199=ORIENTED_EDGE('',*,*,#1117,.T.);
#1232=STYLED_ITEM('',(#34),#1233);
#1233=ADVANCED_FACE('',(#1239),#1234,.T.);
#1234=PLANE('',#1235);
#1235=AXIS2_PLACEMENT_3D('',#1236,#1237,#1238);
#1236=CARTESIAN_POINT('',(1.825,1.61,0.381));
#1237=DIRECTION('',(-1.0,0.0,0.0));
#1238=DIRECTION('',(0.,0.,1.));
#1239=FACE_OUTER_BOUND('',#1240,.T.);
#1240=EDGE_LOOP('',(#1241,#1251,#1261,#1271));
#1241=ORIENTED_EDGE('',*,*,#869,.T.);
#1251=ORIENTED_EDGE('',*,*,#1036,.T.);
#1261=ORIENTED_EDGE('',*,*,#1097,.T.);
#1271=ORIENTED_EDGE('',*,*,#967,.T.);
#1699=MANIFOLD_SOLID_BREP($,#1700);
#1700=CLOSED_SHELL('',(#1702,#1751,#1800,#1869,#1938,#1990,#2042,#2095));
#1701=STYLED_ITEM('',(#34),#1702);
#1702=ADVANCED_FACE('',(#1708),#1703,.T.);
#1703=PLANE('',#1704);
#1704=AXIS2_PLACEMENT_3D('',#1705,#1706,#1707);
#1705=CARTESIAN_POINT('',(1.876,1.11,0.381));
#1706=DIRECTION('',(0.0,0.0,1.0));
#1707=DIRECTION('',(0.,1.,0.));
#1708=FACE_OUTER_BOUND('',#1709,.T.);
#1709=EDGE_LOOP('',(#1710,#1720,#1730,#1740));
#1713=CARTESIAN_POINT('',(1.876,1.39,0.381));
#1712=VERTEX_POINT('',#1713);
#1715=CARTESIAN_POINT('',(1.876,1.11,0.381));
#1714=VERTEX_POINT('',#1715);
#1711=EDGE_CURVE('',#1712,#1714,#1716,.T.);
#1716=LINE('',#1713,#1718);
#1718=VECTOR('',#1719,0.279999948);
#1719=DIRECTION('',(0.0,-1.0,0.0));
#1710=ORIENTED_EDGE('',*,*,#1711,.F.);
#1723=CARTESIAN_POINT('',(1.825,1.39,0.381));
#1722=VERTEX_POINT('',#1723);
#1721=EDGE_CURVE('',#1722,#1712,#1726,.T.);
#1726=LINE('',#1723,#1728);
#1728=VECTOR('',#1729,0.0507999991660162);
#1729=DIRECTION('',(1.0,0.0,0.0));
#1720=ORIENTED_EDGE('',*,*,#1721,.F.);
#1733=CARTESIAN_POINT('',(1.825,1.11,0.381));
#1732=VERTEX_POINT('',#1733);
#1731=EDGE_CURVE('',#1732,#1722,#1736,.T.);
#1736=LINE('',#1733,#1738);
#1738=VECTOR('',#1739,0.279999945882873);
#1739=DIRECTION('',(0.0,1.0,0.0));
#1730=ORIENTED_EDGE('',*,*,#1731,.F.);
#1741=EDGE_CURVE('',#1714,#1732,#1746,.T.);
#1746=LINE('',#1715,#1748);
#1748=VECTOR('',#1749,0.0507999991660159);
#1749=DIRECTION('',(-1.0,0.0,0.0));
#1740=ORIENTED_EDGE('',*,*,#1741,.F.);
#1750=STYLED_ITEM('',(#34),#1751);
#1751=ADVANCED_FACE('',(#1757),#1752,.T.);
#1752=PLANE('',#1753);
#1753=AXIS2_PLACEMENT_3D('',#1754,#1755,#1756);
#1754=CARTESIAN_POINT('',(1.876,1.11,0.0));
#1755=DIRECTION('',(1.0,0.0,0.0));
#1756=DIRECTION('',(0.,0.,1.));
#1757=FACE_OUTER_BOUND('',#1758,.T.);
#1758=EDGE_LOOP('',(#1759,#1769,#1779,#1789));
#1762=CARTESIAN_POINT('',(1.876,1.39,0.0));
#1761=VERTEX_POINT('',#1762);
#1764=CARTESIAN_POINT('',(1.876,1.11,0.0));
#1763=VERTEX_POINT('',#1764);
#1760=EDGE_CURVE('',#1761,#1763,#1765,.T.);
#1765=LINE('',#1762,#1767);
#1767=VECTOR('',#1768,0.279999948);
#1768=DIRECTION('',(0.0,-1.0,0.0));
#1759=ORIENTED_EDGE('',*,*,#1760,.F.);
#1770=EDGE_CURVE('',#1712,#1761,#1775,.T.);
#1775=LINE('',#1713,#1777);
#1777=VECTOR('',#1778,0.381);
#1778=DIRECTION('',(0.0,0.0,-1.0));
#1769=ORIENTED_EDGE('',*,*,#1770,.F.);
#1779=ORIENTED_EDGE('',*,*,#1711,.T.);
#1790=EDGE_CURVE('',#1763,#1714,#1795,.T.);
#1795=LINE('',#1764,#1797);
#1797=VECTOR('',#1798,0.381);
#1798=DIRECTION('',(0.0,0.0,1.0));
#1789=ORIENTED_EDGE('',*,*,#1790,.F.);
#1799=STYLED_ITEM('',(#34),#1800);
#1800=ADVANCED_FACE('',(#1806),#1801,.T.);
#1801=PLANE('',#1802);
#1802=AXIS2_PLACEMENT_3D('',#1803,#1804,#1805);
#1803=CARTESIAN_POINT('',(1.876,1.11,0.0));
#1804=DIRECTION('',(0.0,-1.0,0.0));
#1805=DIRECTION('',(0.,0.,1.));
#1806=FACE_OUTER_BOUND('',#1807,.T.);
#1807=EDGE_LOOP('',(#1808,#1818,#1828,#1838,#1848,#1858));
#1808=ORIENTED_EDGE('',*,*,#1790,.T.);
#1818=ORIENTED_EDGE('',*,*,#1741,.T.);
#1831=CARTESIAN_POINT('',(1.825,1.11,0.051));
#1830=VERTEX_POINT('',#1831);
#1829=EDGE_CURVE('',#1830,#1732,#1834,.T.);
#1834=LINE('',#1831,#1836);
#1836=VECTOR('',#1837,0.3302);
#1837=DIRECTION('',(0.0,0.0,1.0));
#1828=ORIENTED_EDGE('',*,*,#1829,.F.);
#1841=CARTESIAN_POINT('',(1.44,1.11,0.051));
#1840=VERTEX_POINT('',#1841);
#1839=EDGE_CURVE('',#1840,#1830,#1844,.T.);
#1844=LINE('',#1841,#1846);
#1846=VECTOR('',#1847,0.384999862824327);
#1847=DIRECTION('',(1.0,0.0,0.0));
#1838=ORIENTED_EDGE('',*,*,#1839,.F.);
#1851=CARTESIAN_POINT('',(1.44,1.11,0.0));
#1850=VERTEX_POINT('',#1851);
#1849=EDGE_CURVE('',#1850,#1840,#1854,.T.);
#1854=LINE('',#1851,#1856);
#1856=VECTOR('',#1857,0.0508);
#1857=DIRECTION('',(0.0,0.0,1.0));
#1848=ORIENTED_EDGE('',*,*,#1849,.F.);
#1859=EDGE_CURVE('',#1763,#1850,#1864,.T.);
#1864=LINE('',#1764,#1866);
#1866=VECTOR('',#1867,0.435799861990343);
#1867=DIRECTION('',(-1.0,0.0,0.0));
#1858=ORIENTED_EDGE('',*,*,#1859,.F.);
#1868=STYLED_ITEM('',(#34),#1869);
#1869=ADVANCED_FACE('',(#1875),#1870,.T.);
#1870=PLANE('',#1871);
#1871=AXIS2_PLACEMENT_3D('',#1872,#1873,#1874);
#1872=CARTESIAN_POINT('',(1.44,1.39,0.0));
#1873=DIRECTION('',(0.0,1.0,0.0));
#1874=DIRECTION('',(0.,0.,1.));
#1875=FACE_OUTER_BOUND('',#1876,.T.);
#1876=EDGE_LOOP('',(#1877,#1887,#1897,#1907,#1917,#1927));
#1880=CARTESIAN_POINT('',(1.44,1.39,0.051));
#1879=VERTEX_POINT('',#1880);
#1882=CARTESIAN_POINT('',(1.44,1.39,0.0));
#1881=VERTEX_POINT('',#1882);
#1878=EDGE_CURVE('',#1879,#1881,#1883,.T.);
#1883=LINE('',#1880,#1885);
#1885=VECTOR('',#1886,0.0508);
#1886=DIRECTION('',(0.0,0.0,-1.0));
#1877=ORIENTED_EDGE('',*,*,#1878,.F.);
#1890=CARTESIAN_POINT('',(1.825,1.39,0.051));
#1889=VERTEX_POINT('',#1890);
#1888=EDGE_CURVE('',#1889,#1879,#1893,.T.);
#1893=LINE('',#1890,#1895);
#1895=VECTOR('',#1896,0.384999862824327);
#1896=DIRECTION('',(-1.0,0.0,0.0));
#1887=ORIENTED_EDGE('',*,*,#1888,.F.);
#1898=EDGE_CURVE('',#1722,#1889,#1903,.T.);
#1903=LINE('',#1723,#1905);
#1905=VECTOR('',#1906,0.3302);
#1906=DIRECTION('',(0.0,0.0,-1.0));
#1897=ORIENTED_EDGE('',*,*,#1898,.F.);
#1907=ORIENTED_EDGE('',*,*,#1721,.T.);
#1917=ORIENTED_EDGE('',*,*,#1770,.T.);
#1928=EDGE_CURVE('',#1881,#1761,#1933,.T.);
#1933=LINE('',#1882,#1935);
#1935=VECTOR('',#1936,0.435799861990343);
#1936=DIRECTION('',(1.0,0.0,0.0));
#1927=ORIENTED_EDGE('',*,*,#1928,.F.);
#1937=STYLED_ITEM('color',(#34),#1938);
#1938=ADVANCED_FACE($,(#1944),#1939,.T.);
#1939=PLANE($,#1940);
#1940=AXIS2_PLACEMENT_3D($,#1941,#1942,#1943);
#1941=CARTESIAN_POINT('',(1.825,1.11,0.051));
#1942=DIRECTION('',(0.0,0.0,1.0));
#1943=DIRECTION('',(1.,0.,0.));
#1944=FACE_OUTER_BOUND($,#1945,.T.);
#1945=EDGE_LOOP($,(#1948, #1958, #1968, #1978));
#1948=ORIENTED_EDGE('',*,*,#1839,.T.);
#1959=EDGE_CURVE('',#1889,#1830,#1964,.T.);
#1964=LINE('',#1890,#1966);
#1966=VECTOR('',#1967,0.279999945882873);
#1967=DIRECTION('',(0.0,-1.0,0.0));
#1958=ORIENTED_EDGE('',*,*,#1959,.F.);
#1968=ORIENTED_EDGE('',*,*,#1888,.T.);
#1979=EDGE_CURVE($,#1840,#1879,#1984,.T.);
#1984=CIRCLE($,#1985,0.139999974);
#1986=CARTESIAN_POINT('',(1.44,1.25,0.051));
#1985=AXIS2_PLACEMENT_3D($,#1986,#1987,#1988);
#1987=DIRECTION('',(0.0,0.0,-1.0));
#1988=DIRECTION('',(0.0,1.0,0.0));
#1978=ORIENTED_EDGE('',*,*,#1979,.F.);
#1989=STYLED_ITEM('color',(#34),#1990);
#1990=ADVANCED_FACE($,(#1996),#1991,.T.);
#1991=PLANE($,#1992);
#1992=AXIS2_PLACEMENT_3D($,#1993,#1994,#1995);
#1993=CARTESIAN_POINT('',(1.44,1.39,0.0));
#1994=DIRECTION('',(0.0,0.0,-1.0));
#1995=DIRECTION('',(1.,0.,0.));
#1996=FACE_OUTER_BOUND($,#1997,.T.);
#1997=EDGE_LOOP($,(#2000, #2010, #2020, #2030));
#2000=ORIENTED_EDGE('',*,*,#1928,.T.);
#2010=ORIENTED_EDGE('',*,*,#1760,.T.);
#2020=ORIENTED_EDGE('',*,*,#1859,.T.);
#2031=EDGE_CURVE($,#1881,#1850,#2036,.T.);
#2036=CIRCLE($,#2037,0.139999974);
#2038=CARTESIAN_POINT('',(1.44,1.25,0.0));
#2037=AXIS2_PLACEMENT_3D($,#2038,#2039,#2040);
#2039=DIRECTION('',(0.0,0.0,1.0));
#2040=DIRECTION('',(0.0,-1.0,0.0));
#2030=ORIENTED_EDGE('',*,*,#2031,.F.);
#2041=STYLED_ITEM('color',(#34),#2042);
#2042=ADVANCED_FACE($,(#2048),#2043,.T.);
#2043=CYLINDRICAL_SURFACE($,#2044,0.139999974);
#2044=AXIS2_PLACEMENT_3D($,#2045,#2046,#2047);
#2045=CARTESIAN_POINT('',(1.44,1.25,0.0));
#2046=DIRECTION('',(0.,0.,1.));
#2047=DIRECTION('',(0.,1.,0.));
#2048=FACE_OUTER_BOUND($,#2049,.T.);
#2049=EDGE_LOOP($,(#2072, #2050, #2082, #2061));
#2072=ORIENTED_EDGE('',*,*,#1878,.T.);
#2050=ORIENTED_EDGE('',*,*,#2031,.T.);
#2082=ORIENTED_EDGE('',*,*,#1849,.T.);
#2061=ORIENTED_EDGE('',*,*,#1979,.T.);
#2094=STYLED_ITEM('',(#34),#2095);
#2095=ADVANCED_FACE('',(#2101),#2096,.T.);
#2096=PLANE('',#2097);
#2097=AXIS2_PLACEMENT_3D('',#2098,#2099,#2100);
#2098=CARTESIAN_POINT('',(1.825,1.11,0.381));
#2099=DIRECTION('',(-1.0,0.0,0.0));
#2100=DIRECTION('',(0.,0.,1.));
#2101=FACE_OUTER_BOUND('',#2102,.T.);
#2102=EDGE_LOOP('',(#2103,#2113,#2123,#2133));
#2103=ORIENTED_EDGE('',*,*,#1731,.T.);
#2113=ORIENTED_EDGE('',*,*,#1898,.T.);
#2123=ORIENTED_EDGE('',*,*,#1959,.T.);
#2133=ORIENTED_EDGE('',*,*,#1829,.T.);
#2561=MANIFOLD_SOLID_BREP($,#2562);
#2562=CLOSED_SHELL('',(#2564,#2613,#2662,#2731,#2800,#2852,#2904,#2957));
#2563=STYLED_ITEM('',(#34),#2564);
#2564=ADVANCED_FACE('',(#2570),#2565,.T.);
#2565=PLANE('',#2566);
#2566=AXIS2_PLACEMENT_3D('',#2567,#2568,#2569);
#2567=CARTESIAN_POINT('',(1.876,0.61,0.381));
#2568=DIRECTION('',(0.0,0.0,1.0));
#2569=DIRECTION('',(0.,1.,0.));
#2570=FACE_OUTER_BOUND('',#2571,.T.);
#2571=EDGE_LOOP('',(#2572,#2582,#2592,#2602));
#2575=CARTESIAN_POINT('',(1.876,0.89,0.381));
#2574=VERTEX_POINT('',#2575);
#2577=CARTESIAN_POINT('',(1.876,0.61,0.381));
#2576=VERTEX_POINT('',#2577);
#2573=EDGE_CURVE('',#2574,#2576,#2578,.T.);
#2578=LINE('',#2575,#2580);
#2580=VECTOR('',#2581,0.279999948);
#2581=DIRECTION('',(0.0,-1.0,0.0));
#2572=ORIENTED_EDGE('',*,*,#2573,.F.);
#2585=CARTESIAN_POINT('',(1.825,0.89,0.381));
#2584=VERTEX_POINT('',#2585);
#2583=EDGE_CURVE('',#2584,#2574,#2588,.T.);
#2588=LINE('',#2585,#2590);
#2590=VECTOR('',#2591,0.0507999991660162);
#2591=DIRECTION('',(1.0,0.0,0.0));
#2582=ORIENTED_EDGE('',*,*,#2583,.F.);
#2595=CARTESIAN_POINT('',(1.825,0.61,0.381));
#2594=VERTEX_POINT('',#2595);
#2593=EDGE_CURVE('',#2594,#2584,#2598,.T.);
#2598=LINE('',#2595,#2600);
#2600=VECTOR('',#2601,0.279999945882873);
#2601=DIRECTION('',(0.0,1.0,0.0));
#2592=ORIENTED_EDGE('',*,*,#2593,.F.);
#2603=EDGE_CURVE('',#2576,#2594,#2608,.T.);
#2608=LINE('',#2577,#2610);
#2610=VECTOR('',#2611,0.0507999991660159);
#2611=DIRECTION('',(-1.0,0.0,0.0));
#2602=ORIENTED_EDGE('',*,*,#2603,.F.);
#2612=STYLED_ITEM('',(#34),#2613);
#2613=ADVANCED_FACE('',(#2619),#2614,.T.);
#2614=PLANE('',#2615);
#2615=AXIS2_PLACEMENT_3D('',#2616,#2617,#2618);
#2616=CARTESIAN_POINT('',(1.876,0.61,0.0));
#2617=DIRECTION('',(1.0,0.0,0.0));
#2618=DIRECTION('',(0.,0.,1.));
#2619=FACE_OUTER_BOUND('',#2620,.T.);
#2620=EDGE_LOOP('',(#2621,#2631,#2641,#2651));
#2624=CARTESIAN_POINT('',(1.876,0.89,0.0));
#2623=VERTEX_POINT('',#2624);
#2626=CARTESIAN_POINT('',(1.876,0.61,0.0));
#2625=VERTEX_POINT('',#2626);
#2622=EDGE_CURVE('',#2623,#2625,#2627,.T.);
#2627=LINE('',#2624,#2629);
#2629=VECTOR('',#2630,0.279999948);
#2630=DIRECTION('',(0.0,-1.0,0.0));
#2621=ORIENTED_EDGE('',*,*,#2622,.F.);
#2632=EDGE_CURVE('',#2574,#2623,#2637,.T.);
#2637=LINE('',#2575,#2639);
#2639=VECTOR('',#2640,0.381);
#2640=DIRECTION('',(0.0,0.0,-1.0));
#2631=ORIENTED_EDGE('',*,*,#2632,.F.);
#2641=ORIENTED_EDGE('',*,*,#2573,.T.);
#2652=EDGE_CURVE('',#2625,#2576,#2657,.T.);
#2657=LINE('',#2626,#2659);
#2659=VECTOR('',#2660,0.381);
#2660=DIRECTION('',(0.0,0.0,1.0));
#2651=ORIENTED_EDGE('',*,*,#2652,.F.);
#2661=STYLED_ITEM('',(#34),#2662);
#2662=ADVANCED_FACE('',(#2668),#2663,.T.);
#2663=PLANE('',#2664);
#2664=AXIS2_PLACEMENT_3D('',#2665,#2666,#2667);
#2665=CARTESIAN_POINT('',(1.876,0.61,0.0));
#2666=DIRECTION('',(0.0,-1.0,0.0));
#2667=DIRECTION('',(0.,0.,1.));
#2668=FACE_OUTER_BOUND('',#2669,.T.);
#2669=EDGE_LOOP('',(#2670,#2680,#2690,#2700,#2710,#2720));
#2670=ORIENTED_EDGE('',*,*,#2652,.T.);
#2680=ORIENTED_EDGE('',*,*,#2603,.T.);
#2693=CARTESIAN_POINT('',(1.825,0.61,0.051));
#2692=VERTEX_POINT('',#2693);
#2691=EDGE_CURVE('',#2692,#2594,#2696,.T.);
#2696=LINE('',#2693,#2698);
#2698=VECTOR('',#2699,0.3302);
#2699=DIRECTION('',(0.0,0.0,1.0));
#2690=ORIENTED_EDGE('',*,*,#2691,.F.);
#2703=CARTESIAN_POINT('',(1.44,0.61,0.051));
#2702=VERTEX_POINT('',#2703);
#2701=EDGE_CURVE('',#2702,#2692,#2706,.T.);
#2706=LINE('',#2703,#2708);
#2708=VECTOR('',#2709,0.384999862824327);
#2709=DIRECTION('',(1.0,0.0,0.0));
#2700=ORIENTED_EDGE('',*,*,#2701,.F.);
#2713=CARTESIAN_POINT('',(1.44,0.61,0.0));
#2712=VERTEX_POINT('',#2713);
#2711=EDGE_CURVE('',#2712,#2702,#2716,.T.);
#2716=LINE('',#2713,#2718);
#2718=VECTOR('',#2719,0.0508);
#2719=DIRECTION('',(0.0,0.0,1.0));
#2710=ORIENTED_EDGE('',*,*,#2711,.F.);
#2721=EDGE_CURVE('',#2625,#2712,#2726,.T.);
#2726=LINE('',#2626,#2728);
#2728=VECTOR('',#2729,0.435799861990343);
#2729=DIRECTION('',(-1.0,0.0,0.0));
#2720=ORIENTED_EDGE('',*,*,#2721,.F.);
#2730=STYLED_ITEM('',(#34),#2731);
#2731=ADVANCED_FACE('',(#2737),#2732,.T.);
#2732=PLANE('',#2733);
#2733=AXIS2_PLACEMENT_3D('',#2734,#2735,#2736);
#2734=CARTESIAN_POINT('',(1.44,0.89,0.0));
#2735=DIRECTION('',(0.0,1.0,0.0));
#2736=DIRECTION('',(0.,0.,1.));
#2737=FACE_OUTER_BOUND('',#2738,.T.);
#2738=EDGE_LOOP('',(#2739,#2749,#2759,#2769,#2779,#2789));
#2742=CARTESIAN_POINT('',(1.44,0.89,0.051));
#2741=VERTEX_POINT('',#2742);
#2744=CARTESIAN_POINT('',(1.44,0.89,0.0));
#2743=VERTEX_POINT('',#2744);
#2740=EDGE_CURVE('',#2741,#2743,#2745,.T.);
#2745=LINE('',#2742,#2747);
#2747=VECTOR('',#2748,0.0508);
#2748=DIRECTION('',(0.0,0.0,-1.0));
#2739=ORIENTED_EDGE('',*,*,#2740,.F.);
#2752=CARTESIAN_POINT('',(1.825,0.89,0.051));
#2751=VERTEX_POINT('',#2752);
#2750=EDGE_CURVE('',#2751,#2741,#2755,.T.);
#2755=LINE('',#2752,#2757);
#2757=VECTOR('',#2758,0.384999862824327);
#2758=DIRECTION('',(-1.0,0.0,0.0));
#2749=ORIENTED_EDGE('',*,*,#2750,.F.);
#2760=EDGE_CURVE('',#2584,#2751,#2765,.T.);
#2765=LINE('',#2585,#2767);
#2767=VECTOR('',#2768,0.3302);
#2768=DIRECTION('',(0.0,0.0,-1.0));
#2759=ORIENTED_EDGE('',*,*,#2760,.F.);
#2769=ORIENTED_EDGE('',*,*,#2583,.T.);
#2779=ORIENTED_EDGE('',*,*,#2632,.T.);
#2790=EDGE_CURVE('',#2743,#2623,#2795,.T.);
#2795=LINE('',#2744,#2797);
#2797=VECTOR('',#2798,0.435799861990343);
#2798=DIRECTION('',(1.0,0.0,0.0));
#2789=ORIENTED_EDGE('',*,*,#2790,.F.);
#2799=STYLED_ITEM('color',(#34),#2800);
#2800=ADVANCED_FACE($,(#2806),#2801,.T.);
#2801=PLANE($,#2802);
#2802=AXIS2_PLACEMENT_3D($,#2803,#2804,#2805);
#2803=CARTESIAN_POINT('',(1.825,0.61,0.051));
#2804=DIRECTION('',(0.0,0.0,1.0));
#2805=DIRECTION('',(1.,0.,0.));
#2806=FACE_OUTER_BOUND($,#2807,.T.);
#2807=EDGE_LOOP($,(#2810, #2820, #2830, #2840));
#2810=ORIENTED_EDGE('',*,*,#2701,.T.);
#2821=EDGE_CURVE('',#2751,#2692,#2826,.T.);
#2826=LINE('',#2752,#2828);
#2828=VECTOR('',#2829,0.279999945882873);
#2829=DIRECTION('',(0.0,-1.0,0.0));
#2820=ORIENTED_EDGE('',*,*,#2821,.F.);
#2830=ORIENTED_EDGE('',*,*,#2750,.T.);
#2841=EDGE_CURVE($,#2702,#2741,#2846,.T.);
#2846=CIRCLE($,#2847,0.139999974);
#2848=CARTESIAN_POINT('',(1.44,0.75,0.051));
#2847=AXIS2_PLACEMENT_3D($,#2848,#2849,#2850);
#2849=DIRECTION('',(0.0,0.0,-1.0));
#2850=DIRECTION('',(0.0,1.0,0.0));
#2840=ORIENTED_EDGE('',*,*,#2841,.F.);
#2851=STYLED_ITEM('color',(#34),#2852);
#2852=ADVANCED_FACE($,(#2858),#2853,.T.);
#2853=PLANE($,#2854);
#2854=AXIS2_PLACEMENT_3D($,#2855,#2856,#2857);
#2855=CARTESIAN_POINT('',(1.44,0.89,0.0));
#2856=DIRECTION('',(0.0,0.0,-1.0));
#2857=DIRECTION('',(1.,0.,0.));
#2858=FACE_OUTER_BOUND($,#2859,.T.);
#2859=EDGE_LOOP($,(#2862, #2872, #2882, #2892));
#2862=ORIENTED_EDGE('',*,*,#2790,.T.);
#2872=ORIENTED_EDGE('',*,*,#2622,.T.);
#2882=ORIENTED_EDGE('',*,*,#2721,.T.);
#2893=EDGE_CURVE($,#2743,#2712,#2898,.T.);
#2898=CIRCLE($,#2899,0.139999974);
#2900=CARTESIAN_POINT('',(1.44,0.75,0.0));
#2899=AXIS2_PLACEMENT_3D($,#2900,#2901,#2902);
#2901=DIRECTION('',(0.0,0.0,1.0));
#2902=DIRECTION('',(0.0,-1.0,0.0));
#2892=ORIENTED_EDGE('',*,*,#2893,.F.);
#2903=STYLED_ITEM('color',(#34),#2904);
#2904=ADVANCED_FACE($,(#2910),#2905,.T.);
#2905=CYLINDRICAL_SURFACE($,#2906,0.139999974);
#2906=AXIS2_PLACEMENT_3D($,#2907,#2908,#2909);
#2907=CARTESIAN_POINT('',(1.44,0.75,0.0));
#2908=DIRECTION('',(0.,0.,1.));
#2909=DIRECTION('',(0.,1.,0.));
#2910=FACE_OUTER_BOUND($,#2911,.T.);
#2911=EDGE_LOOP($,(#2934, #2912, #2944, #2923));
#2934=ORIENTED_EDGE('',*,*,#2740,.T.);
#2912=ORIENTED_EDGE('',*,*,#2893,.T.);
#2944=ORIENTED_EDGE('',*,*,#2711,.T.);
#2923=ORIENTED_EDGE('',*,*,#2841,.T.);
#2956=STYLED_ITEM('',(#34),#2957);
#2957=ADVANCED_FACE('',(#2963),#2958,.T.);
#2958=PLANE('',#2959);
#2959=AXIS2_PLACEMENT_3D('',#2960,#2961,#2962);
#2960=CARTESIAN_POINT('',(1.825,0.61,0.381));
#2961=DIRECTION('',(-1.0,0.0,0.0));
#2962=DIRECTION('',(0.,0.,1.));
#2963=FACE_OUTER_BOUND('',#2964,.T.);
#2964=EDGE_LOOP('',(#2965,#2975,#2985,#2995));
#2965=ORIENTED_EDGE('',*,*,#2593,.T.);
#2975=ORIENTED_EDGE('',*,*,#2760,.T.);
#2985=ORIENTED_EDGE('',*,*,#2821,.T.);
#2995=ORIENTED_EDGE('',*,*,#2691,.T.);
#3423=MANIFOLD_SOLID_BREP($,#3424);
#3424=CLOSED_SHELL('',(#3426,#3475,#3524,#3593,#3662,#3714,#3766,#3819));
#3425=STYLED_ITEM('',(#34),#3426);
#3426=ADVANCED_FACE('',(#3432),#3427,.T.);
#3427=PLANE('',#3428);
#3428=AXIS2_PLACEMENT_3D('',#3429,#3430,#3431);
#3429=CARTESIAN_POINT('',(1.876,0.11,0.381));
#3430=DIRECTION('',(0.0,0.0,1.0));
#3431=DIRECTION('',(0.,1.,0.));
#3432=FACE_OUTER_BOUND('',#3433,.T.);
#3433=EDGE_LOOP('',(#3434,#3444,#3454,#3464));
#3437=CARTESIAN_POINT('',(1.876,0.39,0.381));
#3436=VERTEX_POINT('',#3437);
#3439=CARTESIAN_POINT('',(1.876,0.11,0.381));
#3438=VERTEX_POINT('',#3439);
#3435=EDGE_CURVE('',#3436,#3438,#3440,.T.);
#3440=LINE('',#3437,#3442);
#3442=VECTOR('',#3443,0.279999948);
#3443=DIRECTION('',(0.0,-1.0,0.0));
#3434=ORIENTED_EDGE('',*,*,#3435,.F.);
#3447=CARTESIAN_POINT('',(1.825,0.39,0.381));
#3446=VERTEX_POINT('',#3447);
#3445=EDGE_CURVE('',#3446,#3436,#3450,.T.);
#3450=LINE('',#3447,#3452);
#3452=VECTOR('',#3453,0.0507999991660162);
#3453=DIRECTION('',(1.0,0.0,0.0));
#3444=ORIENTED_EDGE('',*,*,#3445,.F.);
#3457=CARTESIAN_POINT('',(1.825,0.11,0.381));
#3456=VERTEX_POINT('',#3457);
#3455=EDGE_CURVE('',#3456,#3446,#3460,.T.);
#3460=LINE('',#3457,#3462);
#3462=VECTOR('',#3463,0.279999945882873);
#3463=DIRECTION('',(0.0,1.0,0.0));
#3454=ORIENTED_EDGE('',*,*,#3455,.F.);
#3465=EDGE_CURVE('',#3438,#3456,#3470,.T.);
#3470=LINE('',#3439,#3472);
#3472=VECTOR('',#3473,0.0507999991660159);
#3473=DIRECTION('',(-1.0,0.0,0.0));
#3464=ORIENTED_EDGE('',*,*,#3465,.F.);
#3474=STYLED_ITEM('',(#34),#3475);
#3475=ADVANCED_FACE('',(#3481),#3476,.T.);
#3476=PLANE('',#3477);
#3477=AXIS2_PLACEMENT_3D('',#3478,#3479,#3480);
#3478=CARTESIAN_POINT('',(1.876,0.11,0.0));
#3479=DIRECTION('',(1.0,0.0,0.0));
#3480=DIRECTION('',(0.,0.,1.));
#3481=FACE_OUTER_BOUND('',#3482,.T.);
#3482=EDGE_LOOP('',(#3483,#3493,#3503,#3513));
#3486=CARTESIAN_POINT('',(1.876,0.39,0.0));
#3485=VERTEX_POINT('',#3486);
#3488=CARTESIAN_POINT('',(1.876,0.11,0.0));
#3487=VERTEX_POINT('',#3488);
#3484=EDGE_CURVE('',#3485,#3487,#3489,.T.);
#3489=LINE('',#3486,#3491);
#3491=VECTOR('',#3492,0.279999948);
#3492=DIRECTION('',(0.0,-1.0,0.0));
#3483=ORIENTED_EDGE('',*,*,#3484,.F.);
#3494=EDGE_CURVE('',#3436,#3485,#3499,.T.);
#3499=LINE('',#3437,#3501);
#3501=VECTOR('',#3502,0.381);
#3502=DIRECTION('',(0.0,0.0,-1.0));
#3493=ORIENTED_EDGE('',*,*,#3494,.F.);
#3503=ORIENTED_EDGE('',*,*,#3435,.T.);
#3514=EDGE_CURVE('',#3487,#3438,#3519,.T.);
#3519=LINE('',#3488,#3521);
#3521=VECTOR('',#3522,0.381);
#3522=DIRECTION('',(0.0,0.0,1.0));
#3513=ORIENTED_EDGE('',*,*,#3514,.F.);
#3523=STYLED_ITEM('',(#34),#3524);
#3524=ADVANCED_FACE('',(#3530),#3525,.T.);
#3525=PLANE('',#3526);
#3526=AXIS2_PLACEMENT_3D('',#3527,#3528,#3529);
#3527=CARTESIAN_POINT('',(1.876,0.11,0.0));
#3528=DIRECTION('',(0.0,-1.0,0.0));
#3529=DIRECTION('',(0.,0.,1.));
#3530=FACE_OUTER_BOUND('',#3531,.T.);
#3531=EDGE_LOOP('',(#3532,#3542,#3552,#3562,#3572,#3582));
#3532=ORIENTED_EDGE('',*,*,#3514,.T.);
#3542=ORIENTED_EDGE('',*,*,#3465,.T.);
#3555=CARTESIAN_POINT('',(1.825,0.11,0.051));
#3554=VERTEX_POINT('',#3555);
#3553=EDGE_CURVE('',#3554,#3456,#3558,.T.);
#3558=LINE('',#3555,#3560);
#3560=VECTOR('',#3561,0.3302);
#3561=DIRECTION('',(0.0,0.0,1.0));
#3552=ORIENTED_EDGE('',*,*,#3553,.F.);
#3565=CARTESIAN_POINT('',(1.44,0.11,0.051));
#3564=VERTEX_POINT('',#3565);
#3563=EDGE_CURVE('',#3564,#3554,#3568,.T.);
#3568=LINE('',#3565,#3570);
#3570=VECTOR('',#3571,0.384999862824327);
#3571=DIRECTION('',(1.0,0.0,0.0));
#3562=ORIENTED_EDGE('',*,*,#3563,.F.);
#3575=CARTESIAN_POINT('',(1.44,0.11,0.0));
#3574=VERTEX_POINT('',#3575);
#3573=EDGE_CURVE('',#3574,#3564,#3578,.T.);
#3578=LINE('',#3575,#3580);
#3580=VECTOR('',#3581,0.0508);
#3581=DIRECTION('',(0.0,0.0,1.0));
#3572=ORIENTED_EDGE('',*,*,#3573,.F.);
#3583=EDGE_CURVE('',#3487,#3574,#3588,.T.);
#3588=LINE('',#3488,#3590);
#3590=VECTOR('',#3591,0.435799861990343);
#3591=DIRECTION('',(-1.0,0.0,0.0));
#3582=ORIENTED_EDGE('',*,*,#3583,.F.);
#3592=STYLED_ITEM('',(#34),#3593);
#3593=ADVANCED_FACE('',(#3599),#3594,.T.);
#3594=PLANE('',#3595);
#3595=AXIS2_PLACEMENT_3D('',#3596,#3597,#3598);
#3596=CARTESIAN_POINT('',(1.44,0.39,0.0));
#3597=DIRECTION('',(0.0,1.0,0.0));
#3598=DIRECTION('',(0.,0.,1.));
#3599=FACE_OUTER_BOUND('',#3600,.T.);
#3600=EDGE_LOOP('',(#3601,#3611,#3621,#3631,#3641,#3651));
#3604=CARTESIAN_POINT('',(1.44,0.39,0.051));
#3603=VERTEX_POINT('',#3604);
#3606=CARTESIAN_POINT('',(1.44,0.39,0.0));
#3605=VERTEX_POINT('',#3606);
#3602=EDGE_CURVE('',#3603,#3605,#3607,.T.);
#3607=LINE('',#3604,#3609);
#3609=VECTOR('',#3610,0.0508);
#3610=DIRECTION('',(0.0,0.0,-1.0));
#3601=ORIENTED_EDGE('',*,*,#3602,.F.);
#3614=CARTESIAN_POINT('',(1.825,0.39,0.051));
#3613=VERTEX_POINT('',#3614);
#3612=EDGE_CURVE('',#3613,#3603,#3617,.T.);
#3617=LINE('',#3614,#3619);
#3619=VECTOR('',#3620,0.384999862824327);
#3620=DIRECTION('',(-1.0,0.0,0.0));
#3611=ORIENTED_EDGE('',*,*,#3612,.F.);
#3622=EDGE_CURVE('',#3446,#3613,#3627,.T.);
#3627=LINE('',#3447,#3629);
#3629=VECTOR('',#3630,0.3302);
#3630=DIRECTION('',(0.0,0.0,-1.0));
#3621=ORIENTED_EDGE('',*,*,#3622,.F.);
#3631=ORIENTED_EDGE('',*,*,#3445,.T.);
#3641=ORIENTED_EDGE('',*,*,#3494,.T.);
#3652=EDGE_CURVE('',#3605,#3485,#3657,.T.);
#3657=LINE('',#3606,#3659);
#3659=VECTOR('',#3660,0.435799861990343);
#3660=DIRECTION('',(1.0,0.0,0.0));
#3651=ORIENTED_EDGE('',*,*,#3652,.F.);
#3661=STYLED_ITEM('color',(#34),#3662);
#3662=ADVANCED_FACE($,(#3668),#3663,.T.);
#3663=PLANE($,#3664);
#3664=AXIS2_PLACEMENT_3D($,#3665,#3666,#3667);
#3665=CARTESIAN_POINT('',(1.825,0.11,0.051));
#3666=DIRECTION('',(0.0,0.0,1.0));
#3667=DIRECTION('',(1.,0.,0.));
#3668=FACE_OUTER_BOUND($,#3669,.T.);
#3669=EDGE_LOOP($,(#3672, #3682, #3692, #3702));
#3672=ORIENTED_EDGE('',*,*,#3563,.T.);
#3683=EDGE_CURVE('',#3613,#3554,#3688,.T.);
#3688=LINE('',#3614,#3690);
#3690=VECTOR('',#3691,0.279999945882873);
#3691=DIRECTION('',(0.0,-1.0,0.0));
#3682=ORIENTED_EDGE('',*,*,#3683,.F.);
#3692=ORIENTED_EDGE('',*,*,#3612,.T.);
#3703=EDGE_CURVE($,#3564,#3603,#3708,.T.);
#3708=CIRCLE($,#3709,0.139999974);
#3710=CARTESIAN_POINT('',(1.44,0.25,0.051));
#3709=AXIS2_PLACEMENT_3D($,#3710,#3711,#3712);
#3711=DIRECTION('',(0.0,0.0,-1.0));
#3712=DIRECTION('',(0.0,1.0,0.0));
#3702=ORIENTED_EDGE('',*,*,#3703,.F.);
#3713=STYLED_ITEM('color',(#34),#3714);
#3714=ADVANCED_FACE($,(#3720),#3715,.T.);
#3715=PLANE($,#3716);
#3716=AXIS2_PLACEMENT_3D($,#3717,#3718,#3719);
#3717=CARTESIAN_POINT('',(1.44,0.39,0.0));
#3718=DIRECTION('',(0.0,0.0,-1.0));
#3719=DIRECTION('',(1.,0.,0.));
#3720=FACE_OUTER_BOUND($,#3721,.T.);
#3721=EDGE_LOOP($,(#3724, #3734, #3744, #3754));
#3724=ORIENTED_EDGE('',*,*,#3652,.T.);
#3734=ORIENTED_EDGE('',*,*,#3484,.T.);
#3744=ORIENTED_EDGE('',*,*,#3583,.T.);
#3755=EDGE_CURVE($,#3605,#3574,#3760,.T.);
#3760=CIRCLE($,#3761,0.139999974);
#3762=CARTESIAN_POINT('',(1.44,0.25,0.0));
#3761=AXIS2_PLACEMENT_3D($,#3762,#3763,#3764);
#3763=DIRECTION('',(0.0,0.0,1.0));
#3764=DIRECTION('',(0.0,-1.0,0.0));
#3754=ORIENTED_EDGE('',*,*,#3755,.F.);
#3765=STYLED_ITEM('color',(#34),#3766);
#3766=ADVANCED_FACE($,(#3772),#3767,.T.);
#3767=CYLINDRICAL_SURFACE($,#3768,0.139999974);
#3768=AXIS2_PLACEMENT_3D($,#3769,#3770,#3771);
#3769=CARTESIAN_POINT('',(1.44,0.25,0.0));
#3770=DIRECTION('',(0.,0.,1.));
#3771=DIRECTION('',(0.,1.,0.));
#3772=FACE_OUTER_BOUND($,#3773,.T.);
#3773=EDGE_LOOP($,(#3796, #3774, #3806, #3785));
#3796=ORIENTED_EDGE('',*,*,#3602,.T.);
#3774=ORIENTED_EDGE('',*,*,#3755,.T.);
#3806=ORIENTED_EDGE('',*,*,#3573,.T.);
#3785=ORIENTED_EDGE('',*,*,#3703,.T.);
#3818=STYLED_ITEM('',(#34),#3819);
#3819=ADVANCED_FACE('',(#3825),#3820,.T.);
#3820=PLANE('',#3821);
#3821=AXIS2_PLACEMENT_3D('',#3822,#3823,#3824);
#3822=CARTESIAN_POINT('',(1.825,0.11,0.381));
#3823=DIRECTION('',(-1.0,0.0,0.0));
#3824=DIRECTION('',(0.,0.,1.));
#3825=FACE_OUTER_BOUND('',#3826,.T.);
#3826=EDGE_LOOP('',(#3827,#3837,#3847,#3857));
#3827=ORIENTED_EDGE('',*,*,#3455,.T.);
#3837=ORIENTED_EDGE('',*,*,#3622,.T.);
#3847=ORIENTED_EDGE('',*,*,#3683,.T.);
#3857=ORIENTED_EDGE('',*,*,#3553,.T.);
#4285=MANIFOLD_SOLID_BREP($,#4286);
#4286=CLOSED_SHELL('',(#4288,#4337,#4386,#4455,#4524,#4576,#4628,#4681));
#4287=STYLED_ITEM('',(#34),#4288);
#4288=ADVANCED_FACE('',(#4294),#4289,.T.);
#4289=PLANE('',#4290);
#4290=AXIS2_PLACEMENT_3D('',#4291,#4292,#4293);
#4291=CARTESIAN_POINT('',(1.876,-0.39,0.381));
#4292=DIRECTION('',(0.0,0.0,1.0));
#4293=DIRECTION('',(0.,1.,0.));
#4294=FACE_OUTER_BOUND('',#4295,.T.);
#4295=EDGE_LOOP('',(#4296,#4306,#4316,#4326));
#4299=CARTESIAN_POINT('',(1.876,-0.11,0.381));
#4298=VERTEX_POINT('',#4299);
#4301=CARTESIAN_POINT('',(1.876,-0.39,0.381));
#4300=VERTEX_POINT('',#4301);
#4297=EDGE_CURVE('',#4298,#4300,#4302,.T.);
#4302=LINE('',#4299,#4304);
#4304=VECTOR('',#4305,0.279999948);
#4305=DIRECTION('',(0.0,-1.0,0.0));
#4296=ORIENTED_EDGE('',*,*,#4297,.F.);
#4309=CARTESIAN_POINT('',(1.825,-0.11,0.381));
#4308=VERTEX_POINT('',#4309);
#4307=EDGE_CURVE('',#4308,#4298,#4312,.T.);
#4312=LINE('',#4309,#4314);
#4314=VECTOR('',#4315,0.0507999991660162);
#4315=DIRECTION('',(1.0,0.0,0.0));
#4306=ORIENTED_EDGE('',*,*,#4307,.F.);
#4319=CARTESIAN_POINT('',(1.825,-0.39,0.381));
#4318=VERTEX_POINT('',#4319);
#4317=EDGE_CURVE('',#4318,#4308,#4322,.T.);
#4322=LINE('',#4319,#4324);
#4324=VECTOR('',#4325,0.279999945882873);
#4325=DIRECTION('',(0.0,1.0,0.0));
#4316=ORIENTED_EDGE('',*,*,#4317,.F.);
#4327=EDGE_CURVE('',#4300,#4318,#4332,.T.);
#4332=LINE('',#4301,#4334);
#4334=VECTOR('',#4335,0.0507999991660159);
#4335=DIRECTION('',(-1.0,0.0,0.0));
#4326=ORIENTED_EDGE('',*,*,#4327,.F.);
#4336=STYLED_ITEM('',(#34),#4337);
#4337=ADVANCED_FACE('',(#4343),#4338,.T.);
#4338=PLANE('',#4339);
#4339=AXIS2_PLACEMENT_3D('',#4340,#4341,#4342);
#4340=CARTESIAN_POINT('',(1.876,-0.39,0.0));
#4341=DIRECTION('',(1.0,0.0,0.0));
#4342=DIRECTION('',(0.,0.,1.));
#4343=FACE_OUTER_BOUND('',#4344,.T.);
#4344=EDGE_LOOP('',(#4345,#4355,#4365,#4375));
#4348=CARTESIAN_POINT('',(1.876,-0.11,0.0));
#4347=VERTEX_POINT('',#4348);
#4350=CARTESIAN_POINT('',(1.876,-0.39,0.0));
#4349=VERTEX_POINT('',#4350);
#4346=EDGE_CURVE('',#4347,#4349,#4351,.T.);
#4351=LINE('',#4348,#4353);
#4353=VECTOR('',#4354,0.279999948);
#4354=DIRECTION('',(0.0,-1.0,0.0));
#4345=ORIENTED_EDGE('',*,*,#4346,.F.);
#4356=EDGE_CURVE('',#4298,#4347,#4361,.T.);
#4361=LINE('',#4299,#4363);
#4363=VECTOR('',#4364,0.381);
#4364=DIRECTION('',(0.0,0.0,-1.0));
#4355=ORIENTED_EDGE('',*,*,#4356,.F.);
#4365=ORIENTED_EDGE('',*,*,#4297,.T.);
#4376=EDGE_CURVE('',#4349,#4300,#4381,.T.);
#4381=LINE('',#4350,#4383);
#4383=VECTOR('',#4384,0.381);
#4384=DIRECTION('',(0.0,0.0,1.0));
#4375=ORIENTED_EDGE('',*,*,#4376,.F.);
#4385=STYLED_ITEM('',(#34),#4386);
#4386=ADVANCED_FACE('',(#4392),#4387,.T.);
#4387=PLANE('',#4388);
#4388=AXIS2_PLACEMENT_3D('',#4389,#4390,#4391);
#4389=CARTESIAN_POINT('',(1.876,-0.39,0.0));
#4390=DIRECTION('',(0.0,-1.0,0.0));
#4391=DIRECTION('',(0.,0.,1.));
#4392=FACE_OUTER_BOUND('',#4393,.T.);
#4393=EDGE_LOOP('',(#4394,#4404,#4414,#4424,#4434,#4444));
#4394=ORIENTED_EDGE('',*,*,#4376,.T.);
#4404=ORIENTED_EDGE('',*,*,#4327,.T.);
#4417=CARTESIAN_POINT('',(1.825,-0.39,0.051));
#4416=VERTEX_POINT('',#4417);
#4415=EDGE_CURVE('',#4416,#4318,#4420,.T.);
#4420=LINE('',#4417,#4422);
#4422=VECTOR('',#4423,0.3302);
#4423=DIRECTION('',(0.0,0.0,1.0));
#4414=ORIENTED_EDGE('',*,*,#4415,.F.);
#4427=CARTESIAN_POINT('',(1.44,-0.39,0.051));
#4426=VERTEX_POINT('',#4427);
#4425=EDGE_CURVE('',#4426,#4416,#4430,.T.);
#4430=LINE('',#4427,#4432);
#4432=VECTOR('',#4433,0.384999862824327);
#4433=DIRECTION('',(1.0,0.0,0.0));
#4424=ORIENTED_EDGE('',*,*,#4425,.F.);
#4437=CARTESIAN_POINT('',(1.44,-0.39,0.0));
#4436=VERTEX_POINT('',#4437);
#4435=EDGE_CURVE('',#4436,#4426,#4440,.T.);
#4440=LINE('',#4437,#4442);
#4442=VECTOR('',#4443,0.0508);
#4443=DIRECTION('',(0.0,0.0,1.0));
#4434=ORIENTED_EDGE('',*,*,#4435,.F.);
#4445=EDGE_CURVE('',#4349,#4436,#4450,.T.);
#4450=LINE('',#4350,#4452);
#4452=VECTOR('',#4453,0.435799861990343);
#4453=DIRECTION('',(-1.0,0.0,0.0));
#4444=ORIENTED_EDGE('',*,*,#4445,.F.);
#4454=STYLED_ITEM('',(#34),#4455);
#4455=ADVANCED_FACE('',(#4461),#4456,.T.);
#4456=PLANE('',#4457);
#4457=AXIS2_PLACEMENT_3D('',#4458,#4459,#4460);
#4458=CARTESIAN_POINT('',(1.44,-0.11,0.0));
#4459=DIRECTION('',(0.0,1.0,0.0));
#4460=DIRECTION('',(0.,0.,1.));
#4461=FACE_OUTER_BOUND('',#4462,.T.);
#4462=EDGE_LOOP('',(#4463,#4473,#4483,#4493,#4503,#4513));
#4466=CARTESIAN_POINT('',(1.44,-0.11,0.051));
#4465=VERTEX_POINT('',#4466);
#4468=CARTESIAN_POINT('',(1.44,-0.11,0.0));
#4467=VERTEX_POINT('',#4468);
#4464=EDGE_CURVE('',#4465,#4467,#4469,.T.);
#4469=LINE('',#4466,#4471);
#4471=VECTOR('',#4472,0.0508);
#4472=DIRECTION('',(0.0,0.0,-1.0));
#4463=ORIENTED_EDGE('',*,*,#4464,.F.);
#4476=CARTESIAN_POINT('',(1.825,-0.11,0.051));
#4475=VERTEX_POINT('',#4476);
#4474=EDGE_CURVE('',#4475,#4465,#4479,.T.);
#4479=LINE('',#4476,#4481);
#4481=VECTOR('',#4482,0.384999862824327);
#4482=DIRECTION('',(-1.0,0.0,0.0));
#4473=ORIENTED_EDGE('',*,*,#4474,.F.);
#4484=EDGE_CURVE('',#4308,#4475,#4489,.T.);
#4489=LINE('',#4309,#4491);
#4491=VECTOR('',#4492,0.3302);
#4492=DIRECTION('',(0.0,0.0,-1.0));
#4483=ORIENTED_EDGE('',*,*,#4484,.F.);
#4493=ORIENTED_EDGE('',*,*,#4307,.T.);
#4503=ORIENTED_EDGE('',*,*,#4356,.T.);
#4514=EDGE_CURVE('',#4467,#4347,#4519,.T.);
#4519=LINE('',#4468,#4521);
#4521=VECTOR('',#4522,0.435799861990343);
#4522=DIRECTION('',(1.0,0.0,0.0));
#4513=ORIENTED_EDGE('',*,*,#4514,.F.);
#4523=STYLED_ITEM('color',(#34),#4524);
#4524=ADVANCED_FACE($,(#4530),#4525,.T.);
#4525=PLANE($,#4526);
#4526=AXIS2_PLACEMENT_3D($,#4527,#4528,#4529);
#4527=CARTESIAN_POINT('',(1.825,-0.39,0.051));
#4528=DIRECTION('',(0.0,0.0,1.0));
#4529=DIRECTION('',(1.,0.,0.));
#4530=FACE_OUTER_BOUND($,#4531,.T.);
#4531=EDGE_LOOP($,(#4534, #4544, #4554, #4564));
#4534=ORIENTED_EDGE('',*,*,#4425,.T.);
#4545=EDGE_CURVE('',#4475,#4416,#4550,.T.);
#4550=LINE('',#4476,#4552);
#4552=VECTOR('',#4553,0.279999945882873);
#4553=DIRECTION('',(0.0,-1.0,0.0));
#4544=ORIENTED_EDGE('',*,*,#4545,.F.);
#4554=ORIENTED_EDGE('',*,*,#4474,.T.);
#4565=EDGE_CURVE($,#4426,#4465,#4570,.T.);
#4570=CIRCLE($,#4571,0.139999974);
#4572=CARTESIAN_POINT('',(1.44,-0.25,0.051));
#4571=AXIS2_PLACEMENT_3D($,#4572,#4573,#4574);
#4573=DIRECTION('',(0.0,0.0,-1.0));
#4574=DIRECTION('',(0.0,1.0,0.0));
#4564=ORIENTED_EDGE('',*,*,#4565,.F.);
#4575=STYLED_ITEM('color',(#34),#4576);
#4576=ADVANCED_FACE($,(#4582),#4577,.T.);
#4577=PLANE($,#4578);
#4578=AXIS2_PLACEMENT_3D($,#4579,#4580,#4581);
#4579=CARTESIAN_POINT('',(1.44,-0.11,0.0));
#4580=DIRECTION('',(0.0,0.0,-1.0));
#4581=DIRECTION('',(1.,0.,0.));
#4582=FACE_OUTER_BOUND($,#4583,.T.);
#4583=EDGE_LOOP($,(#4586, #4596, #4606, #4616));
#4586=ORIENTED_EDGE('',*,*,#4514,.T.);
#4596=ORIENTED_EDGE('',*,*,#4346,.T.);
#4606=ORIENTED_EDGE('',*,*,#4445,.T.);
#4617=EDGE_CURVE($,#4467,#4436,#4622,.T.);
#4622=CIRCLE($,#4623,0.139999974);
#4624=CARTESIAN_POINT('',(1.44,-0.25,0.0));
#4623=AXIS2_PLACEMENT_3D($,#4624,#4625,#4626);
#4625=DIRECTION('',(0.0,0.0,1.0));
#4626=DIRECTION('',(0.0,-1.0,0.0));
#4616=ORIENTED_EDGE('',*,*,#4617,.F.);
#4627=STYLED_ITEM('color',(#34),#4628);
#4628=ADVANCED_FACE($,(#4634),#4629,.T.);
#4629=CYLINDRICAL_SURFACE($,#4630,0.139999974);
#4630=AXIS2_PLACEMENT_3D($,#4631,#4632,#4633);
#4631=CARTESIAN_POINT('',(1.44,-0.25,0.0));
#4632=DIRECTION('',(0.,0.,1.));
#4633=DIRECTION('',(0.,1.,0.));
#4634=FACE_OUTER_BOUND($,#4635,.T.);
#4635=EDGE_LOOP($,(#4658, #4636, #4668, #4647));
#4658=ORIENTED_EDGE('',*,*,#4464,.T.);
#4636=ORIENTED_EDGE('',*,*,#4617,.T.);
#4668=ORIENTED_EDGE('',*,*,#4435,.T.);
#4647=ORIENTED_EDGE('',*,*,#4565,.T.);
#4680=STYLED_ITEM('',(#34),#4681);
#4681=ADVANCED_FACE('',(#4687),#4682,.T.);
#4682=PLANE('',#4683);
#4683=AXIS2_PLACEMENT_3D('',#4684,#4685,#4686);
#4684=CARTESIAN_POINT('',(1.825,-0.39,0.381));
#4685=DIRECTION('',(-1.0,0.0,0.0));
#4686=DIRECTION('',(0.,0.,1.));
#4687=FACE_OUTER_BOUND('',#4688,.T.);
#4688=EDGE_LOOP('',(#4689,#4699,#4709,#4719));
#4689=ORIENTED_EDGE('',*,*,#4317,.T.);
#4699=ORIENTED_EDGE('',*,*,#4484,.T.);
#4709=ORIENTED_EDGE('',*,*,#4545,.T.);
#4719=ORIENTED_EDGE('',*,*,#4415,.T.);
#5147=MANIFOLD_SOLID_BREP($,#5148);
#5148=CLOSED_SHELL('',(#5150,#5199,#5248,#5317,#5386,#5438,#5490,#5543));
#5149=STYLED_ITEM('',(#34),#5150);
#5150=ADVANCED_FACE('',(#5156),#5151,.T.);
#5151=PLANE('',#5152);
#5152=AXIS2_PLACEMENT_3D('',#5153,#5154,#5155);
#5153=CARTESIAN_POINT('',(1.876,-0.89,0.381));
#5154=DIRECTION('',(0.0,0.0,1.0));
#5155=DIRECTION('',(0.,1.,0.));
#5156=FACE_OUTER_BOUND('',#5157,.T.);
#5157=EDGE_LOOP('',(#5158,#5168,#5178,#5188));
#5161=CARTESIAN_POINT('',(1.876,-0.61,0.381));
#5160=VERTEX_POINT('',#5161);
#5163=CARTESIAN_POINT('',(1.876,-0.89,0.381));
#5162=VERTEX_POINT('',#5163);
#5159=EDGE_CURVE('',#5160,#5162,#5164,.T.);
#5164=LINE('',#5161,#5166);
#5166=VECTOR('',#5167,0.279999948);
#5167=DIRECTION('',(0.0,-1.0,0.0));
#5158=ORIENTED_EDGE('',*,*,#5159,.F.);
#5171=CARTESIAN_POINT('',(1.825,-0.61,0.381));
#5170=VERTEX_POINT('',#5171);
#5169=EDGE_CURVE('',#5170,#5160,#5174,.T.);
#5174=LINE('',#5171,#5176);
#5176=VECTOR('',#5177,0.0507999991660162);
#5177=DIRECTION('',(1.0,0.0,0.0));
#5168=ORIENTED_EDGE('',*,*,#5169,.F.);
#5181=CARTESIAN_POINT('',(1.825,-0.89,0.381));
#5180=VERTEX_POINT('',#5181);
#5179=EDGE_CURVE('',#5180,#5170,#5184,.T.);
#5184=LINE('',#5181,#5186);
#5186=VECTOR('',#5187,0.279999945882873);
#5187=DIRECTION('',(0.0,1.0,0.0));
#5178=ORIENTED_EDGE('',*,*,#5179,.F.);
#5189=EDGE_CURVE('',#5162,#5180,#5194,.T.);
#5194=LINE('',#5163,#5196);
#5196=VECTOR('',#5197,0.0507999991660159);
#5197=DIRECTION('',(-1.0,0.0,0.0));
#5188=ORIENTED_EDGE('',*,*,#5189,.F.);
#5198=STYLED_ITEM('',(#34),#5199);
#5199=ADVANCED_FACE('',(#5205),#5200,.T.);
#5200=PLANE('',#5201);
#5201=AXIS2_PLACEMENT_3D('',#5202,#5203,#5204);
#5202=CARTESIAN_POINT('',(1.876,-0.89,0.0));
#5203=DIRECTION('',(1.0,0.0,0.0));
#5204=DIRECTION('',(0.,0.,1.));
#5205=FACE_OUTER_BOUND('',#5206,.T.);
#5206=EDGE_LOOP('',(#5207,#5217,#5227,#5237));
#5210=CARTESIAN_POINT('',(1.876,-0.61,0.0));
#5209=VERTEX_POINT('',#5210);
#5212=CARTESIAN_POINT('',(1.876,-0.89,0.0));
#5211=VERTEX_POINT('',#5212);
#5208=EDGE_CURVE('',#5209,#5211,#5213,.T.);
#5213=LINE('',#5210,#5215);
#5215=VECTOR('',#5216,0.279999948);
#5216=DIRECTION('',(0.0,-1.0,0.0));
#5207=ORIENTED_EDGE('',*,*,#5208,.F.);
#5218=EDGE_CURVE('',#5160,#5209,#5223,.T.);
#5223=LINE('',#5161,#5225);
#5225=VECTOR('',#5226,0.381);
#5226=DIRECTION('',(0.0,0.0,-1.0));
#5217=ORIENTED_EDGE('',*,*,#5218,.F.);
#5227=ORIENTED_EDGE('',*,*,#5159,.T.);
#5238=EDGE_CURVE('',#5211,#5162,#5243,.T.);
#5243=LINE('',#5212,#5245);
#5245=VECTOR('',#5246,0.381);
#5246=DIRECTION('',(0.0,0.0,1.0));
#5237=ORIENTED_EDGE('',*,*,#5238,.F.);
#5247=STYLED_ITEM('',(#34),#5248);
#5248=ADVANCED_FACE('',(#5254),#5249,.T.);
#5249=PLANE('',#5250);
#5250=AXIS2_PLACEMENT_3D('',#5251,#5252,#5253);
#5251=CARTESIAN_POINT('',(1.876,-0.89,0.0));
#5252=DIRECTION('',(0.0,-1.0,0.0));
#5253=DIRECTION('',(0.,0.,1.));
#5254=FACE_OUTER_BOUND('',#5255,.T.);
#5255=EDGE_LOOP('',(#5256,#5266,#5276,#5286,#5296,#5306));
#5256=ORIENTED_EDGE('',*,*,#5238,.T.);
#5266=ORIENTED_EDGE('',*,*,#5189,.T.);
#5279=CARTESIAN_POINT('',(1.825,-0.89,0.051));
#5278=VERTEX_POINT('',#5279);
#5277=EDGE_CURVE('',#5278,#5180,#5282,.T.);
#5282=LINE('',#5279,#5284);
#5284=VECTOR('',#5285,0.3302);
#5285=DIRECTION('',(0.0,0.0,1.0));
#5276=ORIENTED_EDGE('',*,*,#5277,.F.);
#5289=CARTESIAN_POINT('',(1.44,-0.89,0.051));
#5288=VERTEX_POINT('',#5289);
#5287=EDGE_CURVE('',#5288,#5278,#5292,.T.);
#5292=LINE('',#5289,#5294);
#5294=VECTOR('',#5295,0.384999862824327);
#5295=DIRECTION('',(1.0,0.0,0.0));
#5286=ORIENTED_EDGE('',*,*,#5287,.F.);
#5299=CARTESIAN_POINT('',(1.44,-0.89,0.0));
#5298=VERTEX_POINT('',#5299);
#5297=EDGE_CURVE('',#5298,#5288,#5302,.T.);
#5302=LINE('',#5299,#5304);
#5304=VECTOR('',#5305,0.0508);
#5305=DIRECTION('',(0.0,0.0,1.0));
#5296=ORIENTED_EDGE('',*,*,#5297,.F.);
#5307=EDGE_CURVE('',#5211,#5298,#5312,.T.);
#5312=LINE('',#5212,#5314);
#5314=VECTOR('',#5315,0.435799861990343);
#5315=DIRECTION('',(-1.0,0.0,0.0));
#5306=ORIENTED_EDGE('',*,*,#5307,.F.);
#5316=STYLED_ITEM('',(#34),#5317);
#5317=ADVANCED_FACE('',(#5323),#5318,.T.);
#5318=PLANE('',#5319);
#5319=AXIS2_PLACEMENT_3D('',#5320,#5321,#5322);
#5320=CARTESIAN_POINT('',(1.44,-0.61,0.0));
#5321=DIRECTION('',(0.0,1.0,0.0));
#5322=DIRECTION('',(0.,0.,1.));
#5323=FACE_OUTER_BOUND('',#5324,.T.);
#5324=EDGE_LOOP('',(#5325,#5335,#5345,#5355,#5365,#5375));
#5328=CARTESIAN_POINT('',(1.44,-0.61,0.051));
#5327=VERTEX_POINT('',#5328);
#5330=CARTESIAN_POINT('',(1.44,-0.61,0.0));
#5329=VERTEX_POINT('',#5330);
#5326=EDGE_CURVE('',#5327,#5329,#5331,.T.);
#5331=LINE('',#5328,#5333);
#5333=VECTOR('',#5334,0.0508);
#5334=DIRECTION('',(0.0,0.0,-1.0));
#5325=ORIENTED_EDGE('',*,*,#5326,.F.);
#5338=CARTESIAN_POINT('',(1.825,-0.61,0.051));
#5337=VERTEX_POINT('',#5338);
#5336=EDGE_CURVE('',#5337,#5327,#5341,.T.);
#5341=LINE('',#5338,#5343);
#5343=VECTOR('',#5344,0.384999862824327);
#5344=DIRECTION('',(-1.0,0.0,0.0));
#5335=ORIENTED_EDGE('',*,*,#5336,.F.);
#5346=EDGE_CURVE('',#5170,#5337,#5351,.T.);
#5351=LINE('',#5171,#5353);
#5353=VECTOR('',#5354,0.3302);
#5354=DIRECTION('',(0.0,0.0,-1.0));
#5345=ORIENTED_EDGE('',*,*,#5346,.F.);
#5355=ORIENTED_EDGE('',*,*,#5169,.T.);
#5365=ORIENTED_EDGE('',*,*,#5218,.T.);
#5376=EDGE_CURVE('',#5329,#5209,#5381,.T.);
#5381=LINE('',#5330,#5383);
#5383=VECTOR('',#5384,0.435799861990343);
#5384=DIRECTION('',(1.0,0.0,0.0));
#5375=ORIENTED_EDGE('',*,*,#5376,.F.);
#5385=STYLED_ITEM('color',(#34),#5386);
#5386=ADVANCED_FACE($,(#5392),#5387,.T.);
#5387=PLANE($,#5388);
#5388=AXIS2_PLACEMENT_3D($,#5389,#5390,#5391);
#5389=CARTESIAN_POINT('',(1.825,-0.89,0.051));
#5390=DIRECTION('',(0.0,0.0,1.0));
#5391=DIRECTION('',(1.,0.,0.));
#5392=FACE_OUTER_BOUND($,#5393,.T.);
#5393=EDGE_LOOP($,(#5396, #5406, #5416, #5426));
#5396=ORIENTED_EDGE('',*,*,#5287,.T.);
#5407=EDGE_CURVE('',#5337,#5278,#5412,.T.);
#5412=LINE('',#5338,#5414);
#5414=VECTOR('',#5415,0.279999945882873);
#5415=DIRECTION('',(0.0,-1.0,0.0));
#5406=ORIENTED_EDGE('',*,*,#5407,.F.);
#5416=ORIENTED_EDGE('',*,*,#5336,.T.);
#5427=EDGE_CURVE($,#5288,#5327,#5432,.T.);
#5432=CIRCLE($,#5433,0.139999974);
#5434=CARTESIAN_POINT('',(1.44,-0.75,0.051));
#5433=AXIS2_PLACEMENT_3D($,#5434,#5435,#5436);
#5435=DIRECTION('',(0.0,0.0,-1.0));
#5436=DIRECTION('',(0.0,1.0,0.0));
#5426=ORIENTED_EDGE('',*,*,#5427,.F.);
#5437=STYLED_ITEM('color',(#34),#5438);
#5438=ADVANCED_FACE($,(#5444),#5439,.T.);
#5439=PLANE($,#5440);
#5440=AXIS2_PLACEMENT_3D($,#5441,#5442,#5443);
#5441=CARTESIAN_POINT('',(1.44,-0.61,0.0));
#5442=DIRECTION('',(0.0,0.0,-1.0));
#5443=DIRECTION('',(1.,0.,0.));
#5444=FACE_OUTER_BOUND($,#5445,.T.);
#5445=EDGE_LOOP($,(#5448, #5458, #5468, #5478));
#5448=ORIENTED_EDGE('',*,*,#5376,.T.);
#5458=ORIENTED_EDGE('',*,*,#5208,.T.);
#5468=ORIENTED_EDGE('',*,*,#5307,.T.);
#5479=EDGE_CURVE($,#5329,#5298,#5484,.T.);
#5484=CIRCLE($,#5485,0.139999974);
#5486=CARTESIAN_POINT('',(1.44,-0.75,0.0));
#5485=AXIS2_PLACEMENT_3D($,#5486,#5487,#5488);
#5487=DIRECTION('',(0.0,0.0,1.0));
#5488=DIRECTION('',(0.0,-1.0,0.0));
#5478=ORIENTED_EDGE('',*,*,#5479,.F.);
#5489=STYLED_ITEM('color',(#34),#5490);
#5490=ADVANCED_FACE($,(#5496),#5491,.T.);
#5491=CYLINDRICAL_SURFACE($,#5492,0.139999974);
#5492=AXIS2_PLACEMENT_3D($,#5493,#5494,#5495);
#5493=CARTESIAN_POINT('',(1.44,-0.75,0.0));
#5494=DIRECTION('',(0.,0.,1.));
#5495=DIRECTION('',(0.,1.,0.));
#5496=FACE_OUTER_BOUND($,#5497,.T.);
#5497=EDGE_LOOP($,(#5520, #5498, #5530, #5509));
#5520=ORIENTED_EDGE('',*,*,#5326,.T.);
#5498=ORIENTED_EDGE('',*,*,#5479,.T.);
#5530=ORIENTED_EDGE('',*,*,#5297,.T.);
#5509=ORIENTED_EDGE('',*,*,#5427,.T.);
#5542=STYLED_ITEM('',(#34),#5543);
#5543=ADVANCED_FACE('',(#5549),#5544,.T.);
#5544=PLANE('',#5545);
#5545=AXIS2_PLACEMENT_3D('',#5546,#5547,#5548);
#5546=CARTESIAN_POINT('',(1.825,-0.89,0.381));
#5547=DIRECTION('',(-1.0,0.0,0.0));
#5548=DIRECTION('',(0.,0.,1.));
#5549=FACE_OUTER_BOUND('',#5550,.T.);
#5550=EDGE_LOOP('',(#5551,#5561,#5571,#5581));
#5551=ORIENTED_EDGE('',*,*,#5179,.T.);
#5561=ORIENTED_EDGE('',*,*,#5346,.T.);
#5571=ORIENTED_EDGE('',*,*,#5407,.T.);
#5581=ORIENTED_EDGE('',*,*,#5277,.T.);
#6009=MANIFOLD_SOLID_BREP($,#6010);
#6010=CLOSED_SHELL('',(#6012,#6061,#6110,#6179,#6248,#6300,#6352,#6405));
#6011=STYLED_ITEM('',(#34),#6012);
#6012=ADVANCED_FACE('',(#6018),#6013,.T.);
#6013=PLANE('',#6014);
#6014=AXIS2_PLACEMENT_3D('',#6015,#6016,#6017);
#6015=CARTESIAN_POINT('',(1.876,-1.39,0.381));
#6016=DIRECTION('',(0.0,0.0,1.0));
#6017=DIRECTION('',(0.,1.,0.));
#6018=FACE_OUTER_BOUND('',#6019,.T.);
#6019=EDGE_LOOP('',(#6020,#6030,#6040,#6050));
#6023=CARTESIAN_POINT('',(1.876,-1.11,0.381));
#6022=VERTEX_POINT('',#6023);
#6025=CARTESIAN_POINT('',(1.876,-1.39,0.381));
#6024=VERTEX_POINT('',#6025);
#6021=EDGE_CURVE('',#6022,#6024,#6026,.T.);
#6026=LINE('',#6023,#6028);
#6028=VECTOR('',#6029,0.279999948);
#6029=DIRECTION('',(0.0,-1.0,0.0));
#6020=ORIENTED_EDGE('',*,*,#6021,.F.);
#6033=CARTESIAN_POINT('',(1.825,-1.11,0.381));
#6032=VERTEX_POINT('',#6033);
#6031=EDGE_CURVE('',#6032,#6022,#6036,.T.);
#6036=LINE('',#6033,#6038);
#6038=VECTOR('',#6039,0.0507999991660162);
#6039=DIRECTION('',(1.0,0.0,0.0));
#6030=ORIENTED_EDGE('',*,*,#6031,.F.);
#6043=CARTESIAN_POINT('',(1.825,-1.39,0.381));
#6042=VERTEX_POINT('',#6043);
#6041=EDGE_CURVE('',#6042,#6032,#6046,.T.);
#6046=LINE('',#6043,#6048);
#6048=VECTOR('',#6049,0.279999945882873);
#6049=DIRECTION('',(0.0,1.0,0.0));
#6040=ORIENTED_EDGE('',*,*,#6041,.F.);
#6051=EDGE_CURVE('',#6024,#6042,#6056,.T.);
#6056=LINE('',#6025,#6058);
#6058=VECTOR('',#6059,0.0507999991660159);
#6059=DIRECTION('',(-1.0,0.0,0.0));
#6050=ORIENTED_EDGE('',*,*,#6051,.F.);
#6060=STYLED_ITEM('',(#34),#6061);
#6061=ADVANCED_FACE('',(#6067),#6062,.T.);
#6062=PLANE('',#6063);
#6063=AXIS2_PLACEMENT_3D('',#6064,#6065,#6066);
#6064=CARTESIAN_POINT('',(1.876,-1.39,0.0));
#6065=DIRECTION('',(1.0,0.0,0.0));
#6066=DIRECTION('',(0.,0.,1.));
#6067=FACE_OUTER_BOUND('',#6068,.T.);
#6068=EDGE_LOOP('',(#6069,#6079,#6089,#6099));
#6072=CARTESIAN_POINT('',(1.876,-1.11,0.0));
#6071=VERTEX_POINT('',#6072);
#6074=CARTESIAN_POINT('',(1.876,-1.39,0.0));
#6073=VERTEX_POINT('',#6074);
#6070=EDGE_CURVE('',#6071,#6073,#6075,.T.);
#6075=LINE('',#6072,#6077);
#6077=VECTOR('',#6078,0.279999948);
#6078=DIRECTION('',(0.0,-1.0,0.0));
#6069=ORIENTED_EDGE('',*,*,#6070,.F.);
#6080=EDGE_CURVE('',#6022,#6071,#6085,.T.);
#6085=LINE('',#6023,#6087);
#6087=VECTOR('',#6088,0.381);
#6088=DIRECTION('',(0.0,0.0,-1.0));
#6079=ORIENTED_EDGE('',*,*,#6080,.F.);
#6089=ORIENTED_EDGE('',*,*,#6021,.T.);
#6100=EDGE_CURVE('',#6073,#6024,#6105,.T.);
#6105=LINE('',#6074,#6107);
#6107=VECTOR('',#6108,0.381);
#6108=DIRECTION('',(0.0,0.0,1.0));
#6099=ORIENTED_EDGE('',*,*,#6100,.F.);
#6109=STYLED_ITEM('',(#34),#6110);
#6110=ADVANCED_FACE('',(#6116),#6111,.T.);
#6111=PLANE('',#6112);
#6112=AXIS2_PLACEMENT_3D('',#6113,#6114,#6115);
#6113=CARTESIAN_POINT('',(1.876,-1.39,0.0));
#6114=DIRECTION('',(0.0,-1.0,0.0));
#6115=DIRECTION('',(0.,0.,1.));
#6116=FACE_OUTER_BOUND('',#6117,.T.);
#6117=EDGE_LOOP('',(#6118,#6128,#6138,#6148,#6158,#6168));
#6118=ORIENTED_EDGE('',*,*,#6100,.T.);
#6128=ORIENTED_EDGE('',*,*,#6051,.T.);
#6141=CARTESIAN_POINT('',(1.825,-1.39,0.051));
#6140=VERTEX_POINT('',#6141);
#6139=EDGE_CURVE('',#6140,#6042,#6144,.T.);
#6144=LINE('',#6141,#6146);
#6146=VECTOR('',#6147,0.3302);
#6147=DIRECTION('',(0.0,0.0,1.0));
#6138=ORIENTED_EDGE('',*,*,#6139,.F.);
#6151=CARTESIAN_POINT('',(1.44,-1.39,0.051));
#6150=VERTEX_POINT('',#6151);
#6149=EDGE_CURVE('',#6150,#6140,#6154,.T.);
#6154=LINE('',#6151,#6156);
#6156=VECTOR('',#6157,0.384999862824327);
#6157=DIRECTION('',(1.0,0.0,0.0));
#6148=ORIENTED_EDGE('',*,*,#6149,.F.);
#6161=CARTESIAN_POINT('',(1.44,-1.39,0.0));
#6160=VERTEX_POINT('',#6161);
#6159=EDGE_CURVE('',#6160,#6150,#6164,.T.);
#6164=LINE('',#6161,#6166);
#6166=VECTOR('',#6167,0.0508);
#6167=DIRECTION('',(0.0,0.0,1.0));
#6158=ORIENTED_EDGE('',*,*,#6159,.F.);
#6169=EDGE_CURVE('',#6073,#6160,#6174,.T.);
#6174=LINE('',#6074,#6176);
#6176=VECTOR('',#6177,0.435799861990343);
#6177=DIRECTION('',(-1.0,0.0,0.0));
#6168=ORIENTED_EDGE('',*,*,#6169,.F.);
#6178=STYLED_ITEM('',(#34),#6179);
#6179=ADVANCED_FACE('',(#6185),#6180,.T.);
#6180=PLANE('',#6181);
#6181=AXIS2_PLACEMENT_3D('',#6182,#6183,#6184);
#6182=CARTESIAN_POINT('',(1.44,-1.11,0.0));
#6183=DIRECTION('',(0.0,1.0,0.0));
#6184=DIRECTION('',(0.,0.,1.));
#6185=FACE_OUTER_BOUND('',#6186,.T.);
#6186=EDGE_LOOP('',(#6187,#6197,#6207,#6217,#6227,#6237));
#6190=CARTESIAN_POINT('',(1.44,-1.11,0.051));
#6189=VERTEX_POINT('',#6190);
#6192=CARTESIAN_POINT('',(1.44,-1.11,0.0));
#6191=VERTEX_POINT('',#6192);
#6188=EDGE_CURVE('',#6189,#6191,#6193,.T.);
#6193=LINE('',#6190,#6195);
#6195=VECTOR('',#6196,0.0508);
#6196=DIRECTION('',(0.0,0.0,-1.0));
#6187=ORIENTED_EDGE('',*,*,#6188,.F.);
#6200=CARTESIAN_POINT('',(1.825,-1.11,0.051));
#6199=VERTEX_POINT('',#6200);
#6198=EDGE_CURVE('',#6199,#6189,#6203,.T.);
#6203=LINE('',#6200,#6205);
#6205=VECTOR('',#6206,0.384999862824327);
#6206=DIRECTION('',(-1.0,0.0,0.0));
#6197=ORIENTED_EDGE('',*,*,#6198,.F.);
#6208=EDGE_CURVE('',#6032,#6199,#6213,.T.);
#6213=LINE('',#6033,#6215);
#6215=VECTOR('',#6216,0.3302);
#6216=DIRECTION('',(0.0,0.0,-1.0));
#6207=ORIENTED_EDGE('',*,*,#6208,.F.);
#6217=ORIENTED_EDGE('',*,*,#6031,.T.);
#6227=ORIENTED_EDGE('',*,*,#6080,.T.);
#6238=EDGE_CURVE('',#6191,#6071,#6243,.T.);
#6243=LINE('',#6192,#6245);
#6245=VECTOR('',#6246,0.435799861990343);
#6246=DIRECTION('',(1.0,0.0,0.0));
#6237=ORIENTED_EDGE('',*,*,#6238,.F.);
#6247=STYLED_ITEM('color',(#34),#6248);
#6248=ADVANCED_FACE($,(#6254),#6249,.T.);
#6249=PLANE($,#6250);
#6250=AXIS2_PLACEMENT_3D($,#6251,#6252,#6253);
#6251=CARTESIAN_POINT('',(1.825,-1.39,0.051));
#6252=DIRECTION('',(0.0,0.0,1.0));
#6253=DIRECTION('',(1.,0.,0.));
#6254=FACE_OUTER_BOUND($,#6255,.T.);
#6255=EDGE_LOOP($,(#6258, #6268, #6278, #6288));
#6258=ORIENTED_EDGE('',*,*,#6149,.T.);
#6269=EDGE_CURVE('',#6199,#6140,#6274,.T.);
#6274=LINE('',#6200,#6276);
#6276=VECTOR('',#6277,0.279999945882873);
#6277=DIRECTION('',(0.0,-1.0,0.0));
#6268=ORIENTED_EDGE('',*,*,#6269,.F.);
#6278=ORIENTED_EDGE('',*,*,#6198,.T.);
#6289=EDGE_CURVE($,#6150,#6189,#6294,.T.);
#6294=CIRCLE($,#6295,0.139999974);
#6296=CARTESIAN_POINT('',(1.44,-1.25,0.051));
#6295=AXIS2_PLACEMENT_3D($,#6296,#6297,#6298);
#6297=DIRECTION('',(0.0,0.0,-1.0));
#6298=DIRECTION('',(0.0,1.0,0.0));
#6288=ORIENTED_EDGE('',*,*,#6289,.F.);
#6299=STYLED_ITEM('color',(#34),#6300);
#6300=ADVANCED_FACE($,(#6306),#6301,.T.);
#6301=PLANE($,#6302);
#6302=AXIS2_PLACEMENT_3D($,#6303,#6304,#6305);
#6303=CARTESIAN_POINT('',(1.44,-1.11,0.0));
#6304=DIRECTION('',(0.0,0.0,-1.0));
#6305=DIRECTION('',(1.,0.,0.));
#6306=FACE_OUTER_BOUND($,#6307,.T.);
#6307=EDGE_LOOP($,(#6310, #6320, #6330, #6340));
#6310=ORIENTED_EDGE('',*,*,#6238,.T.);
#6320=ORIENTED_EDGE('',*,*,#6070,.T.);
#6330=ORIENTED_EDGE('',*,*,#6169,.T.);
#6341=EDGE_CURVE($,#6191,#6160,#6346,.T.);
#6346=CIRCLE($,#6347,0.139999974);
#6348=CARTESIAN_POINT('',(1.44,-1.25,0.0));
#6347=AXIS2_PLACEMENT_3D($,#6348,#6349,#6350);
#6349=DIRECTION('',(0.0,0.0,1.0));
#6350=DIRECTION('',(0.0,-1.0,0.0));
#6340=ORIENTED_EDGE('',*,*,#6341,.F.);
#6351=STYLED_ITEM('color',(#34),#6352);
#6352=ADVANCED_FACE($,(#6358),#6353,.T.);
#6353=CYLINDRICAL_SURFACE($,#6354,0.139999974);
#6354=AXIS2_PLACEMENT_3D($,#6355,#6356,#6357);
#6355=CARTESIAN_POINT('',(1.44,-1.25,0.0));
#6356=DIRECTION('',(0.,0.,1.));
#6357=DIRECTION('',(0.,1.,0.));
#6358=FACE_OUTER_BOUND($,#6359,.T.);
#6359=EDGE_LOOP($,(#6382, #6360, #6392, #6371));
#6382=ORIENTED_EDGE('',*,*,#6188,.T.);
#6360=ORIENTED_EDGE('',*,*,#6341,.T.);
#6392=ORIENTED_EDGE('',*,*,#6159,.T.);
#6371=ORIENTED_EDGE('',*,*,#6289,.T.);
#6404=STYLED_ITEM('',(#34),#6405);
#6405=ADVANCED_FACE('',(#6411),#6406,.T.);
#6406=PLANE('',#6407);
#6407=AXIS2_PLACEMENT_3D('',#6408,#6409,#6410);
#6408=CARTESIAN_POINT('',(1.825,-1.39,0.381));
#6409=DIRECTION('',(-1.0,0.0,0.0));
#6410=DIRECTION('',(0.,0.,1.));
#6411=FACE_OUTER_BOUND('',#6412,.T.);
#6412=EDGE_LOOP('',(#6413,#6423,#6433,#6443));
#6413=ORIENTED_EDGE('',*,*,#6041,.T.);
#6423=ORIENTED_EDGE('',*,*,#6208,.T.);
#6433=ORIENTED_EDGE('',*,*,#6269,.T.);
#6443=ORIENTED_EDGE('',*,*,#6139,.T.);
#6871=MANIFOLD_SOLID_BREP($,#6872);
#6872=CLOSED_SHELL('',(#6874,#6923,#6972,#7041,#7110,#7162,#7214,#7267));
#6873=STYLED_ITEM('',(#34),#6874);
#6874=ADVANCED_FACE('',(#6880),#6875,.T.);
#6875=PLANE('',#6876);
#6876=AXIS2_PLACEMENT_3D('',#6877,#6878,#6879);
#6877=CARTESIAN_POINT('',(1.876,-1.89,0.381));
#6878=DIRECTION('',(0.0,0.0,1.0));
#6879=DIRECTION('',(0.,1.,0.));
#6880=FACE_OUTER_BOUND('',#6881,.T.);
#6881=EDGE_LOOP('',(#6882,#6892,#6902,#6912));
#6885=CARTESIAN_POINT('',(1.876,-1.61,0.381));
#6884=VERTEX_POINT('',#6885);
#6887=CARTESIAN_POINT('',(1.876,-1.89,0.381));
#6886=VERTEX_POINT('',#6887);
#6883=EDGE_CURVE('',#6884,#6886,#6888,.T.);
#6888=LINE('',#6885,#6890);
#6890=VECTOR('',#6891,0.279999948);
#6891=DIRECTION('',(0.0,-1.0,0.0));
#6882=ORIENTED_EDGE('',*,*,#6883,.F.);
#6895=CARTESIAN_POINT('',(1.825,-1.61,0.381));
#6894=VERTEX_POINT('',#6895);
#6893=EDGE_CURVE('',#6894,#6884,#6898,.T.);
#6898=LINE('',#6895,#6900);
#6900=VECTOR('',#6901,0.0507999991660162);
#6901=DIRECTION('',(1.0,0.0,0.0));
#6892=ORIENTED_EDGE('',*,*,#6893,.F.);
#6905=CARTESIAN_POINT('',(1.825,-1.89,0.381));
#6904=VERTEX_POINT('',#6905);
#6903=EDGE_CURVE('',#6904,#6894,#6908,.T.);
#6908=LINE('',#6905,#6910);
#6910=VECTOR('',#6911,0.279999945882873);
#6911=DIRECTION('',(0.0,1.0,0.0));
#6902=ORIENTED_EDGE('',*,*,#6903,.F.);
#6913=EDGE_CURVE('',#6886,#6904,#6918,.T.);
#6918=LINE('',#6887,#6920);
#6920=VECTOR('',#6921,0.0507999991660159);
#6921=DIRECTION('',(-1.0,0.0,0.0));
#6912=ORIENTED_EDGE('',*,*,#6913,.F.);
#6922=STYLED_ITEM('',(#34),#6923);
#6923=ADVANCED_FACE('',(#6929),#6924,.T.);
#6924=PLANE('',#6925);
#6925=AXIS2_PLACEMENT_3D('',#6926,#6927,#6928);
#6926=CARTESIAN_POINT('',(1.876,-1.89,0.0));
#6927=DIRECTION('',(1.0,0.0,0.0));
#6928=DIRECTION('',(0.,0.,1.));
#6929=FACE_OUTER_BOUND('',#6930,.T.);
#6930=EDGE_LOOP('',(#6931,#6941,#6951,#6961));
#6934=CARTESIAN_POINT('',(1.876,-1.61,0.0));
#6933=VERTEX_POINT('',#6934);
#6936=CARTESIAN_POINT('',(1.876,-1.89,0.0));
#6935=VERTEX_POINT('',#6936);
#6932=EDGE_CURVE('',#6933,#6935,#6937,.T.);
#6937=LINE('',#6934,#6939);
#6939=VECTOR('',#6940,0.279999948);
#6940=DIRECTION('',(0.0,-1.0,0.0));
#6931=ORIENTED_EDGE('',*,*,#6932,.F.);
#6942=EDGE_CURVE('',#6884,#6933,#6947,.T.);
#6947=LINE('',#6885,#6949);
#6949=VECTOR('',#6950,0.381);
#6950=DIRECTION('',(0.0,0.0,-1.0));
#6941=ORIENTED_EDGE('',*,*,#6942,.F.);
#6951=ORIENTED_EDGE('',*,*,#6883,.T.);
#6962=EDGE_CURVE('',#6935,#6886,#6967,.T.);
#6967=LINE('',#6936,#6969);
#6969=VECTOR('',#6970,0.381);
#6970=DIRECTION('',(0.0,0.0,1.0));
#6961=ORIENTED_EDGE('',*,*,#6962,.F.);
#6971=STYLED_ITEM('',(#34),#6972);
#6972=ADVANCED_FACE('',(#6978),#6973,.T.);
#6973=PLANE('',#6974);
#6974=AXIS2_PLACEMENT_3D('',#6975,#6976,#6977);
#6975=CARTESIAN_POINT('',(1.876,-1.89,0.0));
#6976=DIRECTION('',(0.0,-1.0,0.0));
#6977=DIRECTION('',(0.,0.,1.));
#6978=FACE_OUTER_BOUND('',#6979,.T.);
#6979=EDGE_LOOP('',(#6980,#6990,#7000,#7010,#7020,#7030));
#6980=ORIENTED_EDGE('',*,*,#6962,.T.);
#6990=ORIENTED_EDGE('',*,*,#6913,.T.);
#7003=CARTESIAN_POINT('',(1.825,-1.89,0.051));
#7002=VERTEX_POINT('',#7003);
#7001=EDGE_CURVE('',#7002,#6904,#7006,.T.);
#7006=LINE('',#7003,#7008);
#7008=VECTOR('',#7009,0.3302);
#7009=DIRECTION('',(0.0,0.0,1.0));
#7000=ORIENTED_EDGE('',*,*,#7001,.F.);
#7013=CARTESIAN_POINT('',(1.44,-1.89,0.051));
#7012=VERTEX_POINT('',#7013);
#7011=EDGE_CURVE('',#7012,#7002,#7016,.T.);
#7016=LINE('',#7013,#7018);
#7018=VECTOR('',#7019,0.384999862824327);
#7019=DIRECTION('',(1.0,0.0,0.0));
#7010=ORIENTED_EDGE('',*,*,#7011,.F.);
#7023=CARTESIAN_POINT('',(1.44,-1.89,0.0));
#7022=VERTEX_POINT('',#7023);
#7021=EDGE_CURVE('',#7022,#7012,#7026,.T.);
#7026=LINE('',#7023,#7028);
#7028=VECTOR('',#7029,0.0508);
#7029=DIRECTION('',(0.0,0.0,1.0));
#7020=ORIENTED_EDGE('',*,*,#7021,.F.);
#7031=EDGE_CURVE('',#6935,#7022,#7036,.T.);
#7036=LINE('',#6936,#7038);
#7038=VECTOR('',#7039,0.435799861990343);
#7039=DIRECTION('',(-1.0,0.0,0.0));
#7030=ORIENTED_EDGE('',*,*,#7031,.F.);
#7040=STYLED_ITEM('',(#34),#7041);
#7041=ADVANCED_FACE('',(#7047),#7042,.T.);
#7042=PLANE('',#7043);
#7043=AXIS2_PLACEMENT_3D('',#7044,#7045,#7046);
#7044=CARTESIAN_POINT('',(1.44,-1.61,0.0));
#7045=DIRECTION('',(0.0,1.0,0.0));
#7046=DIRECTION('',(0.,0.,1.));
#7047=FACE_OUTER_BOUND('',#7048,.T.);
#7048=EDGE_LOOP('',(#7049,#7059,#7069,#7079,#7089,#7099));
#7052=CARTESIAN_POINT('',(1.44,-1.61,0.051));
#7051=VERTEX_POINT('',#7052);
#7054=CARTESIAN_POINT('',(1.44,-1.61,0.0));
#7053=VERTEX_POINT('',#7054);
#7050=EDGE_CURVE('',#7051,#7053,#7055,.T.);
#7055=LINE('',#7052,#7057);
#7057=VECTOR('',#7058,0.0508);
#7058=DIRECTION('',(0.0,0.0,-1.0));
#7049=ORIENTED_EDGE('',*,*,#7050,.F.);
#7062=CARTESIAN_POINT('',(1.825,-1.61,0.051));
#7061=VERTEX_POINT('',#7062);
#7060=EDGE_CURVE('',#7061,#7051,#7065,.T.);
#7065=LINE('',#7062,#7067);
#7067=VECTOR('',#7068,0.384999862824327);
#7068=DIRECTION('',(-1.0,0.0,0.0));
#7059=ORIENTED_EDGE('',*,*,#7060,.F.);
#7070=EDGE_CURVE('',#6894,#7061,#7075,.T.);
#7075=LINE('',#6895,#7077);
#7077=VECTOR('',#7078,0.3302);
#7078=DIRECTION('',(0.0,0.0,-1.0));
#7069=ORIENTED_EDGE('',*,*,#7070,.F.);
#7079=ORIENTED_EDGE('',*,*,#6893,.T.);
#7089=ORIENTED_EDGE('',*,*,#6942,.T.);
#7100=EDGE_CURVE('',#7053,#6933,#7105,.T.);
#7105=LINE('',#7054,#7107);
#7107=VECTOR('',#7108,0.435799861990343);
#7108=DIRECTION('',(1.0,0.0,0.0));
#7099=ORIENTED_EDGE('',*,*,#7100,.F.);
#7109=STYLED_ITEM('color',(#34),#7110);
#7110=ADVANCED_FACE($,(#7116),#7111,.T.);
#7111=PLANE($,#7112);
#7112=AXIS2_PLACEMENT_3D($,#7113,#7114,#7115);
#7113=CARTESIAN_POINT('',(1.825,-1.89,0.051));
#7114=DIRECTION('',(0.0,0.0,1.0));
#7115=DIRECTION('',(1.,0.,0.));
#7116=FACE_OUTER_BOUND($,#7117,.T.);
#7117=EDGE_LOOP($,(#7120, #7130, #7140, #7150));
#7120=ORIENTED_EDGE('',*,*,#7011,.T.);
#7131=EDGE_CURVE('',#7061,#7002,#7136,.T.);
#7136=LINE('',#7062,#7138);
#7138=VECTOR('',#7139,0.279999945882873);
#7139=DIRECTION('',(0.0,-1.0,0.0));
#7130=ORIENTED_EDGE('',*,*,#7131,.F.);
#7140=ORIENTED_EDGE('',*,*,#7060,.T.);
#7151=EDGE_CURVE($,#7012,#7051,#7156,.T.);
#7156=CIRCLE($,#7157,0.139999974);
#7158=CARTESIAN_POINT('',(1.44,-1.75,0.051));
#7157=AXIS2_PLACEMENT_3D($,#7158,#7159,#7160);
#7159=DIRECTION('',(0.0,0.0,-1.0));
#7160=DIRECTION('',(0.0,1.0,0.0));
#7150=ORIENTED_EDGE('',*,*,#7151,.F.);
#7161=STYLED_ITEM('color',(#34),#7162);
#7162=ADVANCED_FACE($,(#7168),#7163,.T.);
#7163=PLANE($,#7164);
#7164=AXIS2_PLACEMENT_3D($,#7165,#7166,#7167);
#7165=CARTESIAN_POINT('',(1.44,-1.61,0.0));
#7166=DIRECTION('',(0.0,0.0,-1.0));
#7167=DIRECTION('',(1.,0.,0.));
#7168=FACE_OUTER_BOUND($,#7169,.T.);
#7169=EDGE_LOOP($,(#7172, #7182, #7192, #7202));
#7172=ORIENTED_EDGE('',*,*,#7100,.T.);
#7182=ORIENTED_EDGE('',*,*,#6932,.T.);
#7192=ORIENTED_EDGE('',*,*,#7031,.T.);
#7203=EDGE_CURVE($,#7053,#7022,#7208,.T.);
#7208=CIRCLE($,#7209,0.139999974);
#7210=CARTESIAN_POINT('',(1.44,-1.75,0.0));
#7209=AXIS2_PLACEMENT_3D($,#7210,#7211,#7212);
#7211=DIRECTION('',(0.0,0.0,1.0));
#7212=DIRECTION('',(0.0,-1.0,0.0));
#7202=ORIENTED_EDGE('',*,*,#7203,.F.);
#7213=STYLED_ITEM('color',(#34),#7214);
#7214=ADVANCED_FACE($,(#7220),#7215,.T.);
#7215=CYLINDRICAL_SURFACE($,#7216,0.139999974);
#7216=AXIS2_PLACEMENT_3D($,#7217,#7218,#7219);
#7217=CARTESIAN_POINT('',(1.44,-1.75,0.0));
#7218=DIRECTION('',(0.,0.,1.));
#7219=DIRECTION('',(0.,1.,0.));
#7220=FACE_OUTER_BOUND($,#7221,.T.);
#7221=EDGE_LOOP($,(#7244, #7222, #7254, #7233));
#7244=ORIENTED_EDGE('',*,*,#7050,.T.);
#7222=ORIENTED_EDGE('',*,*,#7203,.T.);
#7254=ORIENTED_EDGE('',*,*,#7021,.T.);
#7233=ORIENTED_EDGE('',*,*,#7151,.T.);
#7266=STYLED_ITEM('',(#34),#7267);
#7267=ADVANCED_FACE('',(#7273),#7268,.T.);
#7268=PLANE('',#7269);
#7269=AXIS2_PLACEMENT_3D('',#7270,#7271,#7272);
#7270=CARTESIAN_POINT('',(1.825,-1.89,0.381));
#7271=DIRECTION('',(-1.0,0.0,0.0));
#7272=DIRECTION('',(0.,0.,1.));
#7273=FACE_OUTER_BOUND('',#7274,.T.);
#7274=EDGE_LOOP('',(#7275,#7285,#7295,#7305));
#7275=ORIENTED_EDGE('',*,*,#6903,.T.);
#7285=ORIENTED_EDGE('',*,*,#7070,.T.);
#7295=ORIENTED_EDGE('',*,*,#7131,.T.);
#7305=ORIENTED_EDGE('',*,*,#7001,.T.);
#7733=MANIFOLD_SOLID_BREP($,#7734);
#7734=CLOSED_SHELL('',(#7736,#7785,#7834,#7903,#7972,#8024,#8076,#8129));
#7735=STYLED_ITEM('',(#34),#7736);
#7736=ADVANCED_FACE('',(#7742),#7737,.T.);
#7737=PLANE('',#7738);
#7738=AXIS2_PLACEMENT_3D('',#7739,#7740,#7741);
#7739=CARTESIAN_POINT('',(-1.876,-1.61,0.381));
#7740=DIRECTION('',(0.0,0.0,1.0));
#7741=DIRECTION('',(0.,1.,0.));
#7742=FACE_OUTER_BOUND('',#7743,.T.);
#7743=EDGE_LOOP('',(#7744,#7754,#7764,#7774));
#7747=CARTESIAN_POINT('',(-1.876,-1.89,0.381));
#7746=VERTEX_POINT('',#7747);
#7749=CARTESIAN_POINT('',(-1.876,-1.61,0.381));
#7748=VERTEX_POINT('',#7749);
#7745=EDGE_CURVE('',#7746,#7748,#7750,.T.);
#7750=LINE('',#7747,#7752);
#7752=VECTOR('',#7753,0.279999948);
#7753=DIRECTION('',(0.0,1.0,0.0));
#7744=ORIENTED_EDGE('',*,*,#7745,.F.);
#7757=CARTESIAN_POINT('',(-1.825,-1.89,0.381));
#7756=VERTEX_POINT('',#7757);
#7755=EDGE_CURVE('',#7756,#7746,#7760,.T.);
#7760=LINE('',#7757,#7762);
#7762=VECTOR('',#7763,0.050799999166016);
#7763=DIRECTION('',(-1.0,0.0,0.0));
#7754=ORIENTED_EDGE('',*,*,#7755,.F.);
#7767=CARTESIAN_POINT('',(-1.825,-1.61,0.381));
#7766=VERTEX_POINT('',#7767);
#7765=EDGE_CURVE('',#7766,#7756,#7770,.T.);
#7770=LINE('',#7767,#7772);
#7772=VECTOR('',#7773,0.279999945882873);
#7773=DIRECTION('',(0.0,-1.0,0.0));
#7764=ORIENTED_EDGE('',*,*,#7765,.F.);
#7775=EDGE_CURVE('',#7748,#7766,#7780,.T.);
#7780=LINE('',#7749,#7782);
#7782=VECTOR('',#7783,0.0507999991660159);
#7783=DIRECTION('',(1.0,0.0,0.0));
#7774=ORIENTED_EDGE('',*,*,#7775,.F.);
#7784=STYLED_ITEM('',(#34),#7785);
#7785=ADVANCED_FACE('',(#7791),#7786,.T.);
#7786=PLANE('',#7787);
#7787=AXIS2_PLACEMENT_3D('',#7788,#7789,#7790);
#7788=CARTESIAN_POINT('',(-1.876,-1.61,0.0));
#7789=DIRECTION('',(-1.0,0.0,0.0));
#7790=DIRECTION('',(0.,0.,1.));
#7791=FACE_OUTER_BOUND('',#7792,.T.);
#7792=EDGE_LOOP('',(#7793,#7803,#7813,#7823));
#7796=CARTESIAN_POINT('',(-1.876,-1.89,0.0));
#7795=VERTEX_POINT('',#7796);
#7798=CARTESIAN_POINT('',(-1.876,-1.61,0.0));
#7797=VERTEX_POINT('',#7798);
#7794=EDGE_CURVE('',#7795,#7797,#7799,.T.);
#7799=LINE('',#7796,#7801);
#7801=VECTOR('',#7802,0.279999948);
#7802=DIRECTION('',(0.0,1.0,0.0));
#7793=ORIENTED_EDGE('',*,*,#7794,.F.);
#7804=EDGE_CURVE('',#7746,#7795,#7809,.T.);
#7809=LINE('',#7747,#7811);
#7811=VECTOR('',#7812,0.381);
#7812=DIRECTION('',(0.0,0.0,-1.0));
#7803=ORIENTED_EDGE('',*,*,#7804,.F.);
#7813=ORIENTED_EDGE('',*,*,#7745,.T.);
#7824=EDGE_CURVE('',#7797,#7748,#7829,.T.);
#7829=LINE('',#7798,#7831);
#7831=VECTOR('',#7832,0.381);
#7832=DIRECTION('',(0.0,0.0,1.0));
#7823=ORIENTED_EDGE('',*,*,#7824,.F.);
#7833=STYLED_ITEM('',(#34),#7834);
#7834=ADVANCED_FACE('',(#7840),#7835,.T.);
#7835=PLANE('',#7836);
#7836=AXIS2_PLACEMENT_3D('',#7837,#7838,#7839);
#7837=CARTESIAN_POINT('',(-1.876,-1.61,0.0));
#7838=DIRECTION('',(0.0,1.0,0.0));
#7839=DIRECTION('',(0.,0.,1.));
#7840=FACE_OUTER_BOUND('',#7841,.T.);
#7841=EDGE_LOOP('',(#7842,#7852,#7862,#7872,#7882,#7892));
#7842=ORIENTED_EDGE('',*,*,#7824,.T.);
#7852=ORIENTED_EDGE('',*,*,#7775,.T.);
#7865=CARTESIAN_POINT('',(-1.825,-1.61,0.051));
#7864=VERTEX_POINT('',#7865);
#7863=EDGE_CURVE('',#7864,#7766,#7868,.T.);
#7868=LINE('',#7865,#7870);
#7870=VECTOR('',#7871,0.3302);
#7871=DIRECTION('',(0.0,0.0,1.0));
#7862=ORIENTED_EDGE('',*,*,#7863,.F.);
#7875=CARTESIAN_POINT('',(-1.44,-1.61,0.051));
#7874=VERTEX_POINT('',#7875);
#7873=EDGE_CURVE('',#7874,#7864,#7878,.T.);
#7878=LINE('',#7875,#7880);
#7880=VECTOR('',#7881,0.384999862824327);
#7881=DIRECTION('',(-1.0,0.0,0.0));
#7872=ORIENTED_EDGE('',*,*,#7873,.F.);
#7885=CARTESIAN_POINT('',(-1.44,-1.61,0.0));
#7884=VERTEX_POINT('',#7885);
#7883=EDGE_CURVE('',#7884,#7874,#7888,.T.);
#7888=LINE('',#7885,#7890);
#7890=VECTOR('',#7891,0.0508);
#7891=DIRECTION('',(0.0,0.0,1.0));
#7882=ORIENTED_EDGE('',*,*,#7883,.F.);
#7893=EDGE_CURVE('',#7797,#7884,#7898,.T.);
#7898=LINE('',#7798,#7900);
#7900=VECTOR('',#7901,0.435799861990343);
#7901=DIRECTION('',(1.0,0.0,0.0));
#7892=ORIENTED_EDGE('',*,*,#7893,.F.);
#7902=STYLED_ITEM('',(#34),#7903);
#7903=ADVANCED_FACE('',(#7909),#7904,.T.);
#7904=PLANE('',#7905);
#7905=AXIS2_PLACEMENT_3D('',#7906,#7907,#7908);
#7906=CARTESIAN_POINT('',(-1.44,-1.89,0.0));
#7907=DIRECTION('',(0.0,-1.0,0.0));
#7908=DIRECTION('',(0.,0.,1.));
#7909=FACE_OUTER_BOUND('',#7910,.T.);
#7910=EDGE_LOOP('',(#7911,#7921,#7931,#7941,#7951,#7961));
#7914=CARTESIAN_POINT('',(-1.44,-1.89,0.051));
#7913=VERTEX_POINT('',#7914);
#7916=CARTESIAN_POINT('',(-1.44,-1.89,0.0));
#7915=VERTEX_POINT('',#7916);
#7912=EDGE_CURVE('',#7913,#7915,#7917,.T.);
#7917=LINE('',#7914,#7919);
#7919=VECTOR('',#7920,0.0508);
#7920=DIRECTION('',(0.0,0.0,-1.0));
#7911=ORIENTED_EDGE('',*,*,#7912,.F.);
#7924=CARTESIAN_POINT('',(-1.825,-1.89,0.051));
#7923=VERTEX_POINT('',#7924);
#7922=EDGE_CURVE('',#7923,#7913,#7927,.T.);
#7927=LINE('',#7924,#7929);
#7929=VECTOR('',#7930,0.384999862824327);
#7930=DIRECTION('',(1.0,0.0,0.0));
#7921=ORIENTED_EDGE('',*,*,#7922,.F.);
#7932=EDGE_CURVE('',#7756,#7923,#7937,.T.);
#7937=LINE('',#7757,#7939);
#7939=VECTOR('',#7940,0.3302);
#7940=DIRECTION('',(0.0,0.0,-1.0));
#7931=ORIENTED_EDGE('',*,*,#7932,.F.);
#7941=ORIENTED_EDGE('',*,*,#7755,.T.);
#7951=ORIENTED_EDGE('',*,*,#7804,.T.);
#7962=EDGE_CURVE('',#7915,#7795,#7967,.T.);
#7967=LINE('',#7916,#7969);
#7969=VECTOR('',#7970,0.435799861990343);
#7970=DIRECTION('',(-1.0,0.0,0.0));
#7961=ORIENTED_EDGE('',*,*,#7962,.F.);
#7971=STYLED_ITEM('color',(#34),#7972);
#7972=ADVANCED_FACE($,(#7978),#7973,.T.);
#7973=PLANE($,#7974);
#7974=AXIS2_PLACEMENT_3D($,#7975,#7976,#7977);
#7975=CARTESIAN_POINT('',(-1.825,-1.61,0.051));
#7976=DIRECTION('',(0.0,0.0,1.0));
#7977=DIRECTION('',(1.,0.,0.));
#7978=FACE_OUTER_BOUND($,#7979,.T.);
#7979=EDGE_LOOP($,(#7982, #7992, #8002, #8012));
#7982=ORIENTED_EDGE('',*,*,#7873,.T.);
#7993=EDGE_CURVE('',#7923,#7864,#7998,.T.);
#7998=LINE('',#7924,#8000);
#8000=VECTOR('',#8001,0.279999945882873);
#8001=DIRECTION('',(0.0,1.0,0.0));
#7992=ORIENTED_EDGE('',*,*,#7993,.F.);
#8002=ORIENTED_EDGE('',*,*,#7922,.T.);
#8013=EDGE_CURVE($,#7874,#7913,#8018,.T.);
#8018=CIRCLE($,#8019,0.139999974);
#8020=CARTESIAN_POINT('',(-1.44,-1.75,0.051));
#8019=AXIS2_PLACEMENT_3D($,#8020,#8021,#8022);
#8021=DIRECTION('',(0.0,0.0,-1.0));
#8022=DIRECTION('',(0.0,-1.0,0.0));
#8012=ORIENTED_EDGE('',*,*,#8013,.F.);
#8023=STYLED_ITEM('color',(#34),#8024);
#8024=ADVANCED_FACE($,(#8030),#8025,.T.);
#8025=PLANE($,#8026);
#8026=AXIS2_PLACEMENT_3D($,#8027,#8028,#8029);
#8027=CARTESIAN_POINT('',(-1.44,-1.89,0.0));
#8028=DIRECTION('',(0.0,0.0,-1.0));
#8029=DIRECTION('',(1.,0.,0.));
#8030=FACE_OUTER_BOUND($,#8031,.T.);
#8031=EDGE_LOOP($,(#8034, #8044, #8054, #8064));
#8034=ORIENTED_EDGE('',*,*,#7962,.T.);
#8044=ORIENTED_EDGE('',*,*,#7794,.T.);
#8054=ORIENTED_EDGE('',*,*,#7893,.T.);
#8065=EDGE_CURVE($,#7915,#7884,#8070,.T.);
#8070=CIRCLE($,#8071,0.139999974);
#8072=CARTESIAN_POINT('',(-1.44,-1.75,0.0));
#8071=AXIS2_PLACEMENT_3D($,#8072,#8073,#8074);
#8073=DIRECTION('',(0.0,0.0,1.0));
#8074=DIRECTION('',(0.0,1.0,0.0));
#8064=ORIENTED_EDGE('',*,*,#8065,.F.);
#8075=STYLED_ITEM('color',(#34),#8076);
#8076=ADVANCED_FACE($,(#8082),#8077,.T.);
#8077=CYLINDRICAL_SURFACE($,#8078,0.139999974);
#8078=AXIS2_PLACEMENT_3D($,#8079,#8080,#8081);
#8079=CARTESIAN_POINT('',(-1.44,-1.75,0.0));
#8080=DIRECTION('',(0.,0.,1.));
#8081=DIRECTION('',(0.,1.,0.));
#8082=FACE_OUTER_BOUND($,#8083,.T.);
#8083=EDGE_LOOP($,(#8106, #8084, #8116, #8095));
#8106=ORIENTED_EDGE('',*,*,#7912,.T.);
#8084=ORIENTED_EDGE('',*,*,#8065,.T.);
#8116=ORIENTED_EDGE('',*,*,#7883,.T.);
#8095=ORIENTED_EDGE('',*,*,#8013,.T.);
#8128=STYLED_ITEM('',(#34),#8129);
#8129=ADVANCED_FACE('',(#8135),#8130,.T.);
#8130=PLANE('',#8131);
#8131=AXIS2_PLACEMENT_3D('',#8132,#8133,#8134);
#8132=CARTESIAN_POINT('',(-1.825,-1.61,0.381));
#8133=DIRECTION('',(1.0,0.0,0.0));
#8134=DIRECTION('',(0.,0.,1.));
#8135=FACE_OUTER_BOUND('',#8136,.T.);
#8136=EDGE_LOOP('',(#8137,#8147,#8157,#8167));
#8137=ORIENTED_EDGE('',*,*,#7765,.T.);
#8147=ORIENTED_EDGE('',*,*,#7932,.T.);
#8157=ORIENTED_EDGE('',*,*,#7993,.T.);
#8167=ORIENTED_EDGE('',*,*,#7863,.T.);
#8595=MANIFOLD_SOLID_BREP($,#8596);
#8596=CLOSED_SHELL('',(#8598,#8647,#8696,#8765,#8834,#8886,#8938,#8991));
#8597=STYLED_ITEM('',(#34),#8598);
#8598=ADVANCED_FACE('',(#8604),#8599,.T.);
#8599=PLANE('',#8600);
#8600=AXIS2_PLACEMENT_3D('',#8601,#8602,#8603);
#8601=CARTESIAN_POINT('',(-1.876,-1.11,0.381));
#8602=DIRECTION('',(0.0,0.0,1.0));
#8603=DIRECTION('',(0.,1.,0.));
#8604=FACE_OUTER_BOUND('',#8605,.T.);
#8605=EDGE_LOOP('',(#8606,#8616,#8626,#8636));
#8609=CARTESIAN_POINT('',(-1.876,-1.39,0.381));
#8608=VERTEX_POINT('',#8609);
#8611=CARTESIAN_POINT('',(-1.876,-1.11,0.381));
#8610=VERTEX_POINT('',#8611);
#8607=EDGE_CURVE('',#8608,#8610,#8612,.T.);
#8612=LINE('',#8609,#8614);
#8614=VECTOR('',#8615,0.279999948);
#8615=DIRECTION('',(0.0,1.0,0.0));
#8606=ORIENTED_EDGE('',*,*,#8607,.F.);
#8619=CARTESIAN_POINT('',(-1.825,-1.39,0.381));
#8618=VERTEX_POINT('',#8619);
#8617=EDGE_CURVE('',#8618,#8608,#8622,.T.);
#8622=LINE('',#8619,#8624);
#8624=VECTOR('',#8625,0.050799999166016);
#8625=DIRECTION('',(-1.0,0.0,0.0));
#8616=ORIENTED_EDGE('',*,*,#8617,.F.);
#8629=CARTESIAN_POINT('',(-1.825,-1.11,0.381));
#8628=VERTEX_POINT('',#8629);
#8627=EDGE_CURVE('',#8628,#8618,#8632,.T.);
#8632=LINE('',#8629,#8634);
#8634=VECTOR('',#8635,0.279999945882873);
#8635=DIRECTION('',(0.0,-1.0,0.0));
#8626=ORIENTED_EDGE('',*,*,#8627,.F.);
#8637=EDGE_CURVE('',#8610,#8628,#8642,.T.);
#8642=LINE('',#8611,#8644);
#8644=VECTOR('',#8645,0.0507999991660159);
#8645=DIRECTION('',(1.0,0.0,0.0));
#8636=ORIENTED_EDGE('',*,*,#8637,.F.);
#8646=STYLED_ITEM('',(#34),#8647);
#8647=ADVANCED_FACE('',(#8653),#8648,.T.);
#8648=PLANE('',#8649);
#8649=AXIS2_PLACEMENT_3D('',#8650,#8651,#8652);
#8650=CARTESIAN_POINT('',(-1.876,-1.11,0.0));
#8651=DIRECTION('',(-1.0,0.0,0.0));
#8652=DIRECTION('',(0.,0.,1.));
#8653=FACE_OUTER_BOUND('',#8654,.T.);
#8654=EDGE_LOOP('',(#8655,#8665,#8675,#8685));
#8658=CARTESIAN_POINT('',(-1.876,-1.39,0.0));
#8657=VERTEX_POINT('',#8658);
#8660=CARTESIAN_POINT('',(-1.876,-1.11,0.0));
#8659=VERTEX_POINT('',#8660);
#8656=EDGE_CURVE('',#8657,#8659,#8661,.T.);
#8661=LINE('',#8658,#8663);
#8663=VECTOR('',#8664,0.279999948);
#8664=DIRECTION('',(0.0,1.0,0.0));
#8655=ORIENTED_EDGE('',*,*,#8656,.F.);
#8666=EDGE_CURVE('',#8608,#8657,#8671,.T.);
#8671=LINE('',#8609,#8673);
#8673=VECTOR('',#8674,0.381);
#8674=DIRECTION('',(0.0,0.0,-1.0));
#8665=ORIENTED_EDGE('',*,*,#8666,.F.);
#8675=ORIENTED_EDGE('',*,*,#8607,.T.);
#8686=EDGE_CURVE('',#8659,#8610,#8691,.T.);
#8691=LINE('',#8660,#8693);
#8693=VECTOR('',#8694,0.381);
#8694=DIRECTION('',(0.0,0.0,1.0));
#8685=ORIENTED_EDGE('',*,*,#8686,.F.);
#8695=STYLED_ITEM('',(#34),#8696);
#8696=ADVANCED_FACE('',(#8702),#8697,.T.);
#8697=PLANE('',#8698);
#8698=AXIS2_PLACEMENT_3D('',#8699,#8700,#8701);
#8699=CARTESIAN_POINT('',(-1.876,-1.11,0.0));
#8700=DIRECTION('',(0.0,1.0,0.0));
#8701=DIRECTION('',(0.,0.,1.));
#8702=FACE_OUTER_BOUND('',#8703,.T.);
#8703=EDGE_LOOP('',(#8704,#8714,#8724,#8734,#8744,#8754));
#8704=ORIENTED_EDGE('',*,*,#8686,.T.);
#8714=ORIENTED_EDGE('',*,*,#8637,.T.);
#8727=CARTESIAN_POINT('',(-1.825,-1.11,0.051));
#8726=VERTEX_POINT('',#8727);
#8725=EDGE_CURVE('',#8726,#8628,#8730,.T.);
#8730=LINE('',#8727,#8732);
#8732=VECTOR('',#8733,0.3302);
#8733=DIRECTION('',(0.0,0.0,1.0));
#8724=ORIENTED_EDGE('',*,*,#8725,.F.);
#8737=CARTESIAN_POINT('',(-1.44,-1.11,0.051));
#8736=VERTEX_POINT('',#8737);
#8735=EDGE_CURVE('',#8736,#8726,#8740,.T.);
#8740=LINE('',#8737,#8742);
#8742=VECTOR('',#8743,0.384999862824327);
#8743=DIRECTION('',(-1.0,0.0,0.0));
#8734=ORIENTED_EDGE('',*,*,#8735,.F.);
#8747=CARTESIAN_POINT('',(-1.44,-1.11,0.0));
#8746=VERTEX_POINT('',#8747);
#8745=EDGE_CURVE('',#8746,#8736,#8750,.T.);
#8750=LINE('',#8747,#8752);
#8752=VECTOR('',#8753,0.0508);
#8753=DIRECTION('',(0.0,0.0,1.0));
#8744=ORIENTED_EDGE('',*,*,#8745,.F.);
#8755=EDGE_CURVE('',#8659,#8746,#8760,.T.);
#8760=LINE('',#8660,#8762);
#8762=VECTOR('',#8763,0.435799861990343);
#8763=DIRECTION('',(1.0,0.0,0.0));
#8754=ORIENTED_EDGE('',*,*,#8755,.F.);
#8764=STYLED_ITEM('',(#34),#8765);
#8765=ADVANCED_FACE('',(#8771),#8766,.T.);
#8766=PLANE('',#8767);
#8767=AXIS2_PLACEMENT_3D('',#8768,#8769,#8770);
#8768=CARTESIAN_POINT('',(-1.44,-1.39,0.0));
#8769=DIRECTION('',(0.0,-1.0,0.0));
#8770=DIRECTION('',(0.,0.,1.));
#8771=FACE_OUTER_BOUND('',#8772,.T.);
#8772=EDGE_LOOP('',(#8773,#8783,#8793,#8803,#8813,#8823));
#8776=CARTESIAN_POINT('',(-1.44,-1.39,0.051));
#8775=VERTEX_POINT('',#8776);
#8778=CARTESIAN_POINT('',(-1.44,-1.39,0.0));
#8777=VERTEX_POINT('',#8778);
#8774=EDGE_CURVE('',#8775,#8777,#8779,.T.);
#8779=LINE('',#8776,#8781);
#8781=VECTOR('',#8782,0.0508);
#8782=DIRECTION('',(0.0,0.0,-1.0));
#8773=ORIENTED_EDGE('',*,*,#8774,.F.);
#8786=CARTESIAN_POINT('',(-1.825,-1.39,0.051));
#8785=VERTEX_POINT('',#8786);
#8784=EDGE_CURVE('',#8785,#8775,#8789,.T.);
#8789=LINE('',#8786,#8791);
#8791=VECTOR('',#8792,0.384999862824327);
#8792=DIRECTION('',(1.0,0.0,0.0));
#8783=ORIENTED_EDGE('',*,*,#8784,.F.);
#8794=EDGE_CURVE('',#8618,#8785,#8799,.T.);
#8799=LINE('',#8619,#8801);
#8801=VECTOR('',#8802,0.3302);
#8802=DIRECTION('',(0.0,0.0,-1.0));
#8793=ORIENTED_EDGE('',*,*,#8794,.F.);
#8803=ORIENTED_EDGE('',*,*,#8617,.T.);
#8813=ORIENTED_EDGE('',*,*,#8666,.T.);
#8824=EDGE_CURVE('',#8777,#8657,#8829,.T.);
#8829=LINE('',#8778,#8831);
#8831=VECTOR('',#8832,0.435799861990343);
#8832=DIRECTION('',(-1.0,0.0,0.0));
#8823=ORIENTED_EDGE('',*,*,#8824,.F.);
#8833=STYLED_ITEM('color',(#34),#8834);
#8834=ADVANCED_FACE($,(#8840),#8835,.T.);
#8835=PLANE($,#8836);
#8836=AXIS2_PLACEMENT_3D($,#8837,#8838,#8839);
#8837=CARTESIAN_POINT('',(-1.825,-1.11,0.051));
#8838=DIRECTION('',(0.0,0.0,1.0));
#8839=DIRECTION('',(1.,0.,0.));
#8840=FACE_OUTER_BOUND($,#8841,.T.);
#8841=EDGE_LOOP($,(#8844, #8854, #8864, #8874));
#8844=ORIENTED_EDGE('',*,*,#8735,.T.);
#8855=EDGE_CURVE('',#8785,#8726,#8860,.T.);
#8860=LINE('',#8786,#8862);
#8862=VECTOR('',#8863,0.279999945882873);
#8863=DIRECTION('',(0.0,1.0,0.0));
#8854=ORIENTED_EDGE('',*,*,#8855,.F.);
#8864=ORIENTED_EDGE('',*,*,#8784,.T.);
#8875=EDGE_CURVE($,#8736,#8775,#8880,.T.);
#8880=CIRCLE($,#8881,0.139999974);
#8882=CARTESIAN_POINT('',(-1.44,-1.25,0.051));
#8881=AXIS2_PLACEMENT_3D($,#8882,#8883,#8884);
#8883=DIRECTION('',(0.0,0.0,-1.0));
#8884=DIRECTION('',(0.0,-1.0,0.0));
#8874=ORIENTED_EDGE('',*,*,#8875,.F.);
#8885=STYLED_ITEM('color',(#34),#8886);
#8886=ADVANCED_FACE($,(#8892),#8887,.T.);
#8887=PLANE($,#8888);
#8888=AXIS2_PLACEMENT_3D($,#8889,#8890,#8891);
#8889=CARTESIAN_POINT('',(-1.44,-1.39,0.0));
#8890=DIRECTION('',(0.0,0.0,-1.0));
#8891=DIRECTION('',(1.,0.,0.));
#8892=FACE_OUTER_BOUND($,#8893,.T.);
#8893=EDGE_LOOP($,(#8896, #8906, #8916, #8926));
#8896=ORIENTED_EDGE('',*,*,#8824,.T.);
#8906=ORIENTED_EDGE('',*,*,#8656,.T.);
#8916=ORIENTED_EDGE('',*,*,#8755,.T.);
#8927=EDGE_CURVE($,#8777,#8746,#8932,.T.);
#8932=CIRCLE($,#8933,0.139999974);
#8934=CARTESIAN_POINT('',(-1.44,-1.25,0.0));
#8933=AXIS2_PLACEMENT_3D($,#8934,#8935,#8936);
#8935=DIRECTION('',(0.0,0.0,1.0));
#8936=DIRECTION('',(0.0,1.0,0.0));
#8926=ORIENTED_EDGE('',*,*,#8927,.F.);
#8937=STYLED_ITEM('color',(#34),#8938);
#8938=ADVANCED_FACE($,(#8944),#8939,.T.);
#8939=CYLINDRICAL_SURFACE($,#8940,0.139999974);
#8940=AXIS2_PLACEMENT_3D($,#8941,#8942,#8943);
#8941=CARTESIAN_POINT('',(-1.44,-1.25,0.0));
#8942=DIRECTION('',(0.,0.,1.));
#8943=DIRECTION('',(0.,1.,0.));
#8944=FACE_OUTER_BOUND($,#8945,.T.);
#8945=EDGE_LOOP($,(#8968, #8946, #8978, #8957));
#8968=ORIENTED_EDGE('',*,*,#8774,.T.);
#8946=ORIENTED_EDGE('',*,*,#8927,.T.);
#8978=ORIENTED_EDGE('',*,*,#8745,.T.);
#8957=ORIENTED_EDGE('',*,*,#8875,.T.);
#8990=STYLED_ITEM('',(#34),#8991);
#8991=ADVANCED_FACE('',(#8997),#8992,.T.);
#8992=PLANE('',#8993);
#8993=AXIS2_PLACEMENT_3D('',#8994,#8995,#8996);
#8994=CARTESIAN_POINT('',(-1.825,-1.11,0.381));
#8995=DIRECTION('',(1.0,0.0,0.0));
#8996=DIRECTION('',(0.,0.,1.));
#8997=FACE_OUTER_BOUND('',#8998,.T.);
#8998=EDGE_LOOP('',(#8999,#9009,#9019,#9029));
#8999=ORIENTED_EDGE('',*,*,#8627,.T.);
#9009=ORIENTED_EDGE('',*,*,#8794,.T.);
#9019=ORIENTED_EDGE('',*,*,#8855,.T.);
#9029=ORIENTED_EDGE('',*,*,#8725,.T.);
#9457=MANIFOLD_SOLID_BREP($,#9458);
#9458=CLOSED_SHELL('',(#9460,#9509,#9558,#9627,#9696,#9748,#9800,#9853));
#9459=STYLED_ITEM('',(#34),#9460);
#9460=ADVANCED_FACE('',(#9466),#9461,.T.);
#9461=PLANE('',#9462);
#9462=AXIS2_PLACEMENT_3D('',#9463,#9464,#9465);
#9463=CARTESIAN_POINT('',(-1.876,-0.61,0.381));
#9464=DIRECTION('',(0.0,0.0,1.0));
#9465=DIRECTION('',(0.,1.,0.));
#9466=FACE_OUTER_BOUND('',#9467,.T.);
#9467=EDGE_LOOP('',(#9468,#9478,#9488,#9498));
#9471=CARTESIAN_POINT('',(-1.876,-0.89,0.381));
#9470=VERTEX_POINT('',#9471);
#9473=CARTESIAN_POINT('',(-1.876,-0.61,0.381));
#9472=VERTEX_POINT('',#9473);
#9469=EDGE_CURVE('',#9470,#9472,#9474,.T.);
#9474=LINE('',#9471,#9476);
#9476=VECTOR('',#9477,0.279999948);
#9477=DIRECTION('',(0.0,1.0,0.0));
#9468=ORIENTED_EDGE('',*,*,#9469,.F.);
#9481=CARTESIAN_POINT('',(-1.825,-0.89,0.381));
#9480=VERTEX_POINT('',#9481);
#9479=EDGE_CURVE('',#9480,#9470,#9484,.T.);
#9484=LINE('',#9481,#9486);
#9486=VECTOR('',#9487,0.050799999166016);
#9487=DIRECTION('',(-1.0,0.0,0.0));
#9478=ORIENTED_EDGE('',*,*,#9479,.F.);
#9491=CARTESIAN_POINT('',(-1.825,-0.61,0.381));
#9490=VERTEX_POINT('',#9491);
#9489=EDGE_CURVE('',#9490,#9480,#9494,.T.);
#9494=LINE('',#9491,#9496);
#9496=VECTOR('',#9497,0.279999945882873);
#9497=DIRECTION('',(0.0,-1.0,0.0));
#9488=ORIENTED_EDGE('',*,*,#9489,.F.);
#9499=EDGE_CURVE('',#9472,#9490,#9504,.T.);
#9504=LINE('',#9473,#9506);
#9506=VECTOR('',#9507,0.0507999991660159);
#9507=DIRECTION('',(1.0,0.0,0.0));
#9498=ORIENTED_EDGE('',*,*,#9499,.F.);
#9508=STYLED_ITEM('',(#34),#9509);
#9509=ADVANCED_FACE('',(#9515),#9510,.T.);
#9510=PLANE('',#9511);
#9511=AXIS2_PLACEMENT_3D('',#9512,#9513,#9514);
#9512=CARTESIAN_POINT('',(-1.876,-0.61,0.0));
#9513=DIRECTION('',(-1.0,0.0,0.0));
#9514=DIRECTION('',(0.,0.,1.));
#9515=FACE_OUTER_BOUND('',#9516,.T.);
#9516=EDGE_LOOP('',(#9517,#9527,#9537,#9547));
#9520=CARTESIAN_POINT('',(-1.876,-0.89,0.0));
#9519=VERTEX_POINT('',#9520);
#9522=CARTESIAN_POINT('',(-1.876,-0.61,0.0));
#9521=VERTEX_POINT('',#9522);
#9518=EDGE_CURVE('',#9519,#9521,#9523,.T.);
#9523=LINE('',#9520,#9525);
#9525=VECTOR('',#9526,0.279999948);
#9526=DIRECTION('',(0.0,1.0,0.0));
#9517=ORIENTED_EDGE('',*,*,#9518,.F.);
#9528=EDGE_CURVE('',#9470,#9519,#9533,.T.);
#9533=LINE('',#9471,#9535);
#9535=VECTOR('',#9536,0.381);
#9536=DIRECTION('',(0.0,0.0,-1.0));
#9527=ORIENTED_EDGE('',*,*,#9528,.F.);
#9537=ORIENTED_EDGE('',*,*,#9469,.T.);
#9548=EDGE_CURVE('',#9521,#9472,#9553,.T.);
#9553=LINE('',#9522,#9555);
#9555=VECTOR('',#9556,0.381);
#9556=DIRECTION('',(0.0,0.0,1.0));
#9547=ORIENTED_EDGE('',*,*,#9548,.F.);
#9557=STYLED_ITEM('',(#34),#9558);
#9558=ADVANCED_FACE('',(#9564),#9559,.T.);
#9559=PLANE('',#9560);
#9560=AXIS2_PLACEMENT_3D('',#9561,#9562,#9563);
#9561=CARTESIAN_POINT('',(-1.876,-0.61,0.0));
#9562=DIRECTION('',(0.0,1.0,0.0));
#9563=DIRECTION('',(0.,0.,1.));
#9564=FACE_OUTER_BOUND('',#9565,.T.);
#9565=EDGE_LOOP('',(#9566,#9576,#9586,#9596,#9606,#9616));
#9566=ORIENTED_EDGE('',*,*,#9548,.T.);
#9576=ORIENTED_EDGE('',*,*,#9499,.T.);
#9589=CARTESIAN_POINT('',(-1.825,-0.61,0.051));
#9588=VERTEX_POINT('',#9589);
#9587=EDGE_CURVE('',#9588,#9490,#9592,.T.);
#9592=LINE('',#9589,#9594);
#9594=VECTOR('',#9595,0.3302);
#9595=DIRECTION('',(0.0,0.0,1.0));
#9586=ORIENTED_EDGE('',*,*,#9587,.F.);
#9599=CARTESIAN_POINT('',(-1.44,-0.61,0.051));
#9598=VERTEX_POINT('',#9599);
#9597=EDGE_CURVE('',#9598,#9588,#9602,.T.);
#9602=LINE('',#9599,#9604);
#9604=VECTOR('',#9605,0.384999862824327);
#9605=DIRECTION('',(-1.0,0.0,0.0));
#9596=ORIENTED_EDGE('',*,*,#9597,.F.);
#9609=CARTESIAN_POINT('',(-1.44,-0.61,0.0));
#9608=VERTEX_POINT('',#9609);
#9607=EDGE_CURVE('',#9608,#9598,#9612,.T.);
#9612=LINE('',#9609,#9614);
#9614=VECTOR('',#9615,0.0508);
#9615=DIRECTION('',(0.0,0.0,1.0));
#9606=ORIENTED_EDGE('',*,*,#9607,.F.);
#9617=EDGE_CURVE('',#9521,#9608,#9622,.T.);
#9622=LINE('',#9522,#9624);
#9624=VECTOR('',#9625,0.435799861990343);
#9625=DIRECTION('',(1.0,0.0,0.0));
#9616=ORIENTED_EDGE('',*,*,#9617,.F.);
#9626=STYLED_ITEM('',(#34),#9627);
#9627=ADVANCED_FACE('',(#9633),#9628,.T.);
#9628=PLANE('',#9629);
#9629=AXIS2_PLACEMENT_3D('',#9630,#9631,#9632);
#9630=CARTESIAN_POINT('',(-1.44,-0.89,0.0));
#9631=DIRECTION('',(0.0,-1.0,0.0));
#9632=DIRECTION('',(0.,0.,1.));
#9633=FACE_OUTER_BOUND('',#9634,.T.);
#9634=EDGE_LOOP('',(#9635,#9645,#9655,#9665,#9675,#9685));
#9638=CARTESIAN_POINT('',(-1.44,-0.89,0.051));
#9637=VERTEX_POINT('',#9638);
#9640=CARTESIAN_POINT('',(-1.44,-0.89,0.0));
#9639=VERTEX_POINT('',#9640);
#9636=EDGE_CURVE('',#9637,#9639,#9641,.T.);
#9641=LINE('',#9638,#9643);
#9643=VECTOR('',#9644,0.0508);
#9644=DIRECTION('',(0.0,0.0,-1.0));
#9635=ORIENTED_EDGE('',*,*,#9636,.F.);
#9648=CARTESIAN_POINT('',(-1.825,-0.89,0.051));
#9647=VERTEX_POINT('',#9648);
#9646=EDGE_CURVE('',#9647,#9637,#9651,.T.);
#9651=LINE('',#9648,#9653);
#9653=VECTOR('',#9654,0.384999862824327);
#9654=DIRECTION('',(1.0,0.0,0.0));
#9645=ORIENTED_EDGE('',*,*,#9646,.F.);
#9656=EDGE_CURVE('',#9480,#9647,#9661,.T.);
#9661=LINE('',#9481,#9663);
#9663=VECTOR('',#9664,0.3302);
#9664=DIRECTION('',(0.0,0.0,-1.0));
#9655=ORIENTED_EDGE('',*,*,#9656,.F.);
#9665=ORIENTED_EDGE('',*,*,#9479,.T.);
#9675=ORIENTED_EDGE('',*,*,#9528,.T.);
#9686=EDGE_CURVE('',#9639,#9519,#9691,.T.);
#9691=LINE('',#9640,#9693);
#9693=VECTOR('',#9694,0.435799861990343);
#9694=DIRECTION('',(-1.0,0.0,0.0));
#9685=ORIENTED_EDGE('',*,*,#9686,.F.);
#9695=STYLED_ITEM('color',(#34),#9696);
#9696=ADVANCED_FACE($,(#9702),#9697,.T.);
#9697=PLANE($,#9698);
#9698=AXIS2_PLACEMENT_3D($,#9699,#9700,#9701);
#9699=CARTESIAN_POINT('',(-1.825,-0.61,0.051));
#9700=DIRECTION('',(0.0,0.0,1.0));
#9701=DIRECTION('',(1.,0.,0.));
#9702=FACE_OUTER_BOUND($,#9703,.T.);
#9703=EDGE_LOOP($,(#9706, #9716, #9726, #9736));
#9706=ORIENTED_EDGE('',*,*,#9597,.T.);
#9717=EDGE_CURVE('',#9647,#9588,#9722,.T.);
#9722=LINE('',#9648,#9724);
#9724=VECTOR('',#9725,0.279999945882873);
#9725=DIRECTION('',(0.0,1.0,0.0));
#9716=ORIENTED_EDGE('',*,*,#9717,.F.);
#9726=ORIENTED_EDGE('',*,*,#9646,.T.);
#9737=EDGE_CURVE($,#9598,#9637,#9742,.T.);
#9742=CIRCLE($,#9743,0.139999974);
#9744=CARTESIAN_POINT('',(-1.44,-0.75,0.051));
#9743=AXIS2_PLACEMENT_3D($,#9744,#9745,#9746);
#9745=DIRECTION('',(0.0,0.0,-1.0));
#9746=DIRECTION('',(0.0,-1.0,0.0));
#9736=ORIENTED_EDGE('',*,*,#9737,.F.);
#9747=STYLED_ITEM('color',(#34),#9748);
#9748=ADVANCED_FACE($,(#9754),#9749,.T.);
#9749=PLANE($,#9750);
#9750=AXIS2_PLACEMENT_3D($,#9751,#9752,#9753);
#9751=CARTESIAN_POINT('',(-1.44,-0.89,0.0));
#9752=DIRECTION('',(0.0,0.0,-1.0));
#9753=DIRECTION('',(1.,0.,0.));
#9754=FACE_OUTER_BOUND($,#9755,.T.);
#9755=EDGE_LOOP($,(#9758, #9768, #9778, #9788));
#9758=ORIENTED_EDGE('',*,*,#9686,.T.);
#9768=ORIENTED_EDGE('',*,*,#9518,.T.);
#9778=ORIENTED_EDGE('',*,*,#9617,.T.);
#9789=EDGE_CURVE($,#9639,#9608,#9794,.T.);
#9794=CIRCLE($,#9795,0.139999974);
#9796=CARTESIAN_POINT('',(-1.44,-0.75,0.0));
#9795=AXIS2_PLACEMENT_3D($,#9796,#9797,#9798);
#9797=DIRECTION('',(0.0,0.0,1.0));
#9798=DIRECTION('',(0.0,1.0,0.0));
#9788=ORIENTED_EDGE('',*,*,#9789,.F.);
#9799=STYLED_ITEM('color',(#34),#9800);
#9800=ADVANCED_FACE($,(#9806),#9801,.T.);
#9801=CYLINDRICAL_SURFACE($,#9802,0.139999974);
#9802=AXIS2_PLACEMENT_3D($,#9803,#9804,#9805);
#9803=CARTESIAN_POINT('',(-1.44,-0.75,0.0));
#9804=DIRECTION('',(0.,0.,1.));
#9805=DIRECTION('',(0.,1.,0.));
#9806=FACE_OUTER_BOUND($,#9807,.T.);
#9807=EDGE_LOOP($,(#9830, #9808, #9840, #9819));
#9830=ORIENTED_EDGE('',*,*,#9636,.T.);
#9808=ORIENTED_EDGE('',*,*,#9789,.T.);
#9840=ORIENTED_EDGE('',*,*,#9607,.T.);
#9819=ORIENTED_EDGE('',*,*,#9737,.T.);
#9852=STYLED_ITEM('',(#34),#9853);
#9853=ADVANCED_FACE('',(#9859),#9854,.T.);
#9854=PLANE('',#9855);
#9855=AXIS2_PLACEMENT_3D('',#9856,#9857,#9858);
#9856=CARTESIAN_POINT('',(-1.825,-0.61,0.381));
#9857=DIRECTION('',(1.0,0.0,0.0));
#9858=DIRECTION('',(0.,0.,1.));
#9859=FACE_OUTER_BOUND('',#9860,.T.);
#9860=EDGE_LOOP('',(#9861,#9871,#9881,#9891));
#9861=ORIENTED_EDGE('',*,*,#9489,.T.);
#9871=ORIENTED_EDGE('',*,*,#9656,.T.);
#9881=ORIENTED_EDGE('',*,*,#9717,.T.);
#9891=ORIENTED_EDGE('',*,*,#9587,.T.);
#10319=MANIFOLD_SOLID_BREP($,#10320);
#10320=CLOSED_SHELL('',(#10322,#10371,#10420,#10489,#10558,#10610,#10662,#10715));
#10321=STYLED_ITEM('',(#34),#10322);
#10322=ADVANCED_FACE('',(#10328),#10323,.T.);
#10323=PLANE('',#10324);
#10324=AXIS2_PLACEMENT_3D('',#10325,#10326,#10327);
#10325=CARTESIAN_POINT('',(-1.876,-0.11,0.381));
#10326=DIRECTION('',(0.0,0.0,1.0));
#10327=DIRECTION('',(0.,1.,0.));
#10328=FACE_OUTER_BOUND('',#10329,.T.);
#10329=EDGE_LOOP('',(#10330,#10340,#10350,#10360));
#10333=CARTESIAN_POINT('',(-1.876,-0.39,0.381));
#10332=VERTEX_POINT('',#10333);
#10335=CARTESIAN_POINT('',(-1.876,-0.11,0.381));
#10334=VERTEX_POINT('',#10335);
#10331=EDGE_CURVE('',#10332,#10334,#10336,.T.);
#10336=LINE('',#10333,#10338);
#10338=VECTOR('',#10339,0.279999948);
#10339=DIRECTION('',(0.0,1.0,0.0));
#10330=ORIENTED_EDGE('',*,*,#10331,.F.);
#10343=CARTESIAN_POINT('',(-1.825,-0.39,0.381));
#10342=VERTEX_POINT('',#10343);
#10341=EDGE_CURVE('',#10342,#10332,#10346,.T.);
#10346=LINE('',#10343,#10348);
#10348=VECTOR('',#10349,0.050799999166016);
#10349=DIRECTION('',(-1.0,0.0,0.0));
#10340=ORIENTED_EDGE('',*,*,#10341,.F.);
#10353=CARTESIAN_POINT('',(-1.825,-0.11,0.381));
#10352=VERTEX_POINT('',#10353);
#10351=EDGE_CURVE('',#10352,#10342,#10356,.T.);
#10356=LINE('',#10353,#10358);
#10358=VECTOR('',#10359,0.279999945882873);
#10359=DIRECTION('',(0.0,-1.0,0.0));
#10350=ORIENTED_EDGE('',*,*,#10351,.F.);
#10361=EDGE_CURVE('',#10334,#10352,#10366,.T.);
#10366=LINE('',#10335,#10368);
#10368=VECTOR('',#10369,0.0507999991660159);
#10369=DIRECTION('',(1.0,0.0,0.0));
#10360=ORIENTED_EDGE('',*,*,#10361,.F.);
#10370=STYLED_ITEM('',(#34),#10371);
#10371=ADVANCED_FACE('',(#10377),#10372,.T.);
#10372=PLANE('',#10373);
#10373=AXIS2_PLACEMENT_3D('',#10374,#10375,#10376);
#10374=CARTESIAN_POINT('',(-1.876,-0.11,0.0));
#10375=DIRECTION('',(-1.0,0.0,0.0));
#10376=DIRECTION('',(0.,0.,1.));
#10377=FACE_OUTER_BOUND('',#10378,.T.);
#10378=EDGE_LOOP('',(#10379,#10389,#10399,#10409));
#10382=CARTESIAN_POINT('',(-1.876,-0.39,0.0));
#10381=VERTEX_POINT('',#10382);
#10384=CARTESIAN_POINT('',(-1.876,-0.11,0.0));
#10383=VERTEX_POINT('',#10384);
#10380=EDGE_CURVE('',#10381,#10383,#10385,.T.);
#10385=LINE('',#10382,#10387);
#10387=VECTOR('',#10388,0.279999948);
#10388=DIRECTION('',(0.0,1.0,0.0));
#10379=ORIENTED_EDGE('',*,*,#10380,.F.);
#10390=EDGE_CURVE('',#10332,#10381,#10395,.T.);
#10395=LINE('',#10333,#10397);
#10397=VECTOR('',#10398,0.381);
#10398=DIRECTION('',(0.0,0.0,-1.0));
#10389=ORIENTED_EDGE('',*,*,#10390,.F.);
#10399=ORIENTED_EDGE('',*,*,#10331,.T.);
#10410=EDGE_CURVE('',#10383,#10334,#10415,.T.);
#10415=LINE('',#10384,#10417);
#10417=VECTOR('',#10418,0.381);
#10418=DIRECTION('',(0.0,0.0,1.0));
#10409=ORIENTED_EDGE('',*,*,#10410,.F.);
#10419=STYLED_ITEM('',(#34),#10420);
#10420=ADVANCED_FACE('',(#10426),#10421,.T.);
#10421=PLANE('',#10422);
#10422=AXIS2_PLACEMENT_3D('',#10423,#10424,#10425);
#10423=CARTESIAN_POINT('',(-1.876,-0.11,0.0));
#10424=DIRECTION('',(0.0,1.0,0.0));
#10425=DIRECTION('',(0.,0.,1.));
#10426=FACE_OUTER_BOUND('',#10427,.T.);
#10427=EDGE_LOOP('',(#10428,#10438,#10448,#10458,#10468,#10478));
#10428=ORIENTED_EDGE('',*,*,#10410,.T.);
#10438=ORIENTED_EDGE('',*,*,#10361,.T.);
#10451=CARTESIAN_POINT('',(-1.825,-0.11,0.051));
#10450=VERTEX_POINT('',#10451);
#10449=EDGE_CURVE('',#10450,#10352,#10454,.T.);
#10454=LINE('',#10451,#10456);
#10456=VECTOR('',#10457,0.3302);
#10457=DIRECTION('',(0.0,0.0,1.0));
#10448=ORIENTED_EDGE('',*,*,#10449,.F.);
#10461=CARTESIAN_POINT('',(-1.44,-0.11,0.051));
#10460=VERTEX_POINT('',#10461);
#10459=EDGE_CURVE('',#10460,#10450,#10464,.T.);
#10464=LINE('',#10461,#10466);
#10466=VECTOR('',#10467,0.384999862824327);
#10467=DIRECTION('',(-1.0,0.0,0.0));
#10458=ORIENTED_EDGE('',*,*,#10459,.F.);
#10471=CARTESIAN_POINT('',(-1.44,-0.11,0.0));
#10470=VERTEX_POINT('',#10471);
#10469=EDGE_CURVE('',#10470,#10460,#10474,.T.);
#10474=LINE('',#10471,#10476);
#10476=VECTOR('',#10477,0.0508);
#10477=DIRECTION('',(0.0,0.0,1.0));
#10468=ORIENTED_EDGE('',*,*,#10469,.F.);
#10479=EDGE_CURVE('',#10383,#10470,#10484,.T.);
#10484=LINE('',#10384,#10486);
#10486=VECTOR('',#10487,0.435799861990343);
#10487=DIRECTION('',(1.0,0.0,0.0));
#10478=ORIENTED_EDGE('',*,*,#10479,.F.);
#10488=STYLED_ITEM('',(#34),#10489);
#10489=ADVANCED_FACE('',(#10495),#10490,.T.);
#10490=PLANE('',#10491);
#10491=AXIS2_PLACEMENT_3D('',#10492,#10493,#10494);
#10492=CARTESIAN_POINT('',(-1.44,-0.39,0.0));
#10493=DIRECTION('',(0.0,-1.0,0.0));
#10494=DIRECTION('',(0.,0.,1.));
#10495=FACE_OUTER_BOUND('',#10496,.T.);
#10496=EDGE_LOOP('',(#10497,#10507,#10517,#10527,#10537,#10547));
#10500=CARTESIAN_POINT('',(-1.44,-0.39,0.051));
#10499=VERTEX_POINT('',#10500);
#10502=CARTESIAN_POINT('',(-1.44,-0.39,0.0));
#10501=VERTEX_POINT('',#10502);
#10498=EDGE_CURVE('',#10499,#10501,#10503,.T.);
#10503=LINE('',#10500,#10505);
#10505=VECTOR('',#10506,0.0508);
#10506=DIRECTION('',(0.0,0.0,-1.0));
#10497=ORIENTED_EDGE('',*,*,#10498,.F.);
#10510=CARTESIAN_POINT('',(-1.825,-0.39,0.051));
#10509=VERTEX_POINT('',#10510);
#10508=EDGE_CURVE('',#10509,#10499,#10513,.T.);
#10513=LINE('',#10510,#10515);
#10515=VECTOR('',#10516,0.384999862824327);
#10516=DIRECTION('',(1.0,0.0,0.0));
#10507=ORIENTED_EDGE('',*,*,#10508,.F.);
#10518=EDGE_CURVE('',#10342,#10509,#10523,.T.);
#10523=LINE('',#10343,#10525);
#10525=VECTOR('',#10526,0.3302);
#10526=DIRECTION('',(0.0,0.0,-1.0));
#10517=ORIENTED_EDGE('',*,*,#10518,.F.);
#10527=ORIENTED_EDGE('',*,*,#10341,.T.);
#10537=ORIENTED_EDGE('',*,*,#10390,.T.);
#10548=EDGE_CURVE('',#10501,#10381,#10553,.T.);
#10553=LINE('',#10502,#10555);
#10555=VECTOR('',#10556,0.435799861990343);
#10556=DIRECTION('',(-1.0,0.0,0.0));
#10547=ORIENTED_EDGE('',*,*,#10548,.F.);
#10557=STYLED_ITEM('color',(#34),#10558);
#10558=ADVANCED_FACE($,(#10564),#10559,.T.);
#10559=PLANE($,#10560);
#10560=AXIS2_PLACEMENT_3D($,#10561,#10562,#10563);
#10561=CARTESIAN_POINT('',(-1.825,-0.11,0.051));
#10562=DIRECTION('',(0.0,0.0,1.0));
#10563=DIRECTION('',(1.,0.,0.));
#10564=FACE_OUTER_BOUND($,#10565,.T.);
#10565=EDGE_LOOP($,(#10568, #10578, #10588, #10598));
#10568=ORIENTED_EDGE('',*,*,#10459,.T.);
#10579=EDGE_CURVE('',#10509,#10450,#10584,.T.);
#10584=LINE('',#10510,#10586);
#10586=VECTOR('',#10587,0.279999945882873);
#10587=DIRECTION('',(0.0,1.0,0.0));
#10578=ORIENTED_EDGE('',*,*,#10579,.F.);
#10588=ORIENTED_EDGE('',*,*,#10508,.T.);
#10599=EDGE_CURVE($,#10460,#10499,#10604,.T.);
#10604=CIRCLE($,#10605,0.139999974);
#10606=CARTESIAN_POINT('',(-1.44,-0.25,0.051));
#10605=AXIS2_PLACEMENT_3D($,#10606,#10607,#10608);
#10607=DIRECTION('',(0.0,0.0,-1.0));
#10608=DIRECTION('',(0.0,-1.0,0.0));
#10598=ORIENTED_EDGE('',*,*,#10599,.F.);
#10609=STYLED_ITEM('color',(#34),#10610);
#10610=ADVANCED_FACE($,(#10616),#10611,.T.);
#10611=PLANE($,#10612);
#10612=AXIS2_PLACEMENT_3D($,#10613,#10614,#10615);
#10613=CARTESIAN_POINT('',(-1.44,-0.39,0.0));
#10614=DIRECTION('',(0.0,0.0,-1.0));
#10615=DIRECTION('',(1.,0.,0.));
#10616=FACE_OUTER_BOUND($,#10617,.T.);
#10617=EDGE_LOOP($,(#10620, #10630, #10640, #10650));
#10620=ORIENTED_EDGE('',*,*,#10548,.T.);
#10630=ORIENTED_EDGE('',*,*,#10380,.T.);
#10640=ORIENTED_EDGE('',*,*,#10479,.T.);
#10651=EDGE_CURVE($,#10501,#10470,#10656,.T.);
#10656=CIRCLE($,#10657,0.139999974);
#10658=CARTESIAN_POINT('',(-1.44,-0.25,0.0));
#10657=AXIS2_PLACEMENT_3D($,#10658,#10659,#10660);
#10659=DIRECTION('',(0.0,0.0,1.0));
#10660=DIRECTION('',(0.0,1.0,0.0));
#10650=ORIENTED_EDGE('',*,*,#10651,.F.);
#10661=STYLED_ITEM('color',(#34),#10662);
#10662=ADVANCED_FACE($,(#10668),#10663,.T.);
#10663=CYLINDRICAL_SURFACE($,#10664,0.139999974);
#10664=AXIS2_PLACEMENT_3D($,#10665,#10666,#10667);
#10665=CARTESIAN_POINT('',(-1.44,-0.25,0.0));
#10666=DIRECTION('',(0.,0.,1.));
#10667=DIRECTION('',(0.,1.,0.));
#10668=FACE_OUTER_BOUND($,#10669,.T.);
#10669=EDGE_LOOP($,(#10692, #10670, #10702, #10681));
#10692=ORIENTED_EDGE('',*,*,#10498,.T.);
#10670=ORIENTED_EDGE('',*,*,#10651,.T.);
#10702=ORIENTED_EDGE('',*,*,#10469,.T.);
#10681=ORIENTED_EDGE('',*,*,#10599,.T.);
#10714=STYLED_ITEM('',(#34),#10715);
#10715=ADVANCED_FACE('',(#10721),#10716,.T.);
#10716=PLANE('',#10717);
#10717=AXIS2_PLACEMENT_3D('',#10718,#10719,#10720);
#10718=CARTESIAN_POINT('',(-1.825,-0.11,0.381));
#10719=DIRECTION('',(1.0,0.0,0.0));
#10720=DIRECTION('',(0.,0.,1.));
#10721=FACE_OUTER_BOUND('',#10722,.T.);
#10722=EDGE_LOOP('',(#10723,#10733,#10743,#10753));
#10723=ORIENTED_EDGE('',*,*,#10351,.T.);
#10733=ORIENTED_EDGE('',*,*,#10518,.T.);
#10743=ORIENTED_EDGE('',*,*,#10579,.T.);
#10753=ORIENTED_EDGE('',*,*,#10449,.T.);
#11181=MANIFOLD_SOLID_BREP($,#11182);
#11182=CLOSED_SHELL('',(#11184,#11233,#11282,#11351,#11420,#11472,#11524,#11577));
#11183=STYLED_ITEM('',(#34),#11184);
#11184=ADVANCED_FACE('',(#11190),#11185,.T.);
#11185=PLANE('',#11186);
#11186=AXIS2_PLACEMENT_3D('',#11187,#11188,#11189);
#11187=CARTESIAN_POINT('',(-1.876,0.39,0.381));
#11188=DIRECTION('',(0.0,0.0,1.0));
#11189=DIRECTION('',(0.,1.,0.));
#11190=FACE_OUTER_BOUND('',#11191,.T.);
#11191=EDGE_LOOP('',(#11192,#11202,#11212,#11222));
#11195=CARTESIAN_POINT('',(-1.876,0.11,0.381));
#11194=VERTEX_POINT('',#11195);
#11197=CARTESIAN_POINT('',(-1.876,0.39,0.381));
#11196=VERTEX_POINT('',#11197);
#11193=EDGE_CURVE('',#11194,#11196,#11198,.T.);
#11198=LINE('',#11195,#11200);
#11200=VECTOR('',#11201,0.279999948);
#11201=DIRECTION('',(0.0,1.0,0.0));
#11192=ORIENTED_EDGE('',*,*,#11193,.F.);
#11205=CARTESIAN_POINT('',(-1.825,0.11,0.381));
#11204=VERTEX_POINT('',#11205);
#11203=EDGE_CURVE('',#11204,#11194,#11208,.T.);
#11208=LINE('',#11205,#11210);
#11210=VECTOR('',#11211,0.050799999166016);
#11211=DIRECTION('',(-1.0,0.0,0.0));
#11202=ORIENTED_EDGE('',*,*,#11203,.F.);
#11215=CARTESIAN_POINT('',(-1.825,0.39,0.381));
#11214=VERTEX_POINT('',#11215);
#11213=EDGE_CURVE('',#11214,#11204,#11218,.T.);
#11218=LINE('',#11215,#11220);
#11220=VECTOR('',#11221,0.279999945882873);
#11221=DIRECTION('',(0.0,-1.0,0.0));
#11212=ORIENTED_EDGE('',*,*,#11213,.F.);
#11223=EDGE_CURVE('',#11196,#11214,#11228,.T.);
#11228=LINE('',#11197,#11230);
#11230=VECTOR('',#11231,0.0507999991660159);
#11231=DIRECTION('',(1.0,0.0,0.0));
#11222=ORIENTED_EDGE('',*,*,#11223,.F.);
#11232=STYLED_ITEM('',(#34),#11233);
#11233=ADVANCED_FACE('',(#11239),#11234,.T.);
#11234=PLANE('',#11235);
#11235=AXIS2_PLACEMENT_3D('',#11236,#11237,#11238);
#11236=CARTESIAN_POINT('',(-1.876,0.39,0.0));
#11237=DIRECTION('',(-1.0,0.0,0.0));
#11238=DIRECTION('',(0.,0.,1.));
#11239=FACE_OUTER_BOUND('',#11240,.T.);
#11240=EDGE_LOOP('',(#11241,#11251,#11261,#11271));
#11244=CARTESIAN_POINT('',(-1.876,0.11,0.0));
#11243=VERTEX_POINT('',#11244);
#11246=CARTESIAN_POINT('',(-1.876,0.39,0.0));
#11245=VERTEX_POINT('',#11246);
#11242=EDGE_CURVE('',#11243,#11245,#11247,.T.);
#11247=LINE('',#11244,#11249);
#11249=VECTOR('',#11250,0.279999948);
#11250=DIRECTION('',(0.0,1.0,0.0));
#11241=ORIENTED_EDGE('',*,*,#11242,.F.);
#11252=EDGE_CURVE('',#11194,#11243,#11257,.T.);
#11257=LINE('',#11195,#11259);
#11259=VECTOR('',#11260,0.381);
#11260=DIRECTION('',(0.0,0.0,-1.0));
#11251=ORIENTED_EDGE('',*,*,#11252,.F.);
#11261=ORIENTED_EDGE('',*,*,#11193,.T.);
#11272=EDGE_CURVE('',#11245,#11196,#11277,.T.);
#11277=LINE('',#11246,#11279);
#11279=VECTOR('',#11280,0.381);
#11280=DIRECTION('',(0.0,0.0,1.0));
#11271=ORIENTED_EDGE('',*,*,#11272,.F.);
#11281=STYLED_ITEM('',(#34),#11282);
#11282=ADVANCED_FACE('',(#11288),#11283,.T.);
#11283=PLANE('',#11284);
#11284=AXIS2_PLACEMENT_3D('',#11285,#11286,#11287);
#11285=CARTESIAN_POINT('',(-1.876,0.39,0.0));
#11286=DIRECTION('',(0.0,1.0,0.0));
#11287=DIRECTION('',(0.,0.,1.));
#11288=FACE_OUTER_BOUND('',#11289,.T.);
#11289=EDGE_LOOP('',(#11290,#11300,#11310,#11320,#11330,#11340));
#11290=ORIENTED_EDGE('',*,*,#11272,.T.);
#11300=ORIENTED_EDGE('',*,*,#11223,.T.);
#11313=CARTESIAN_POINT('',(-1.825,0.39,0.051));
#11312=VERTEX_POINT('',#11313);
#11311=EDGE_CURVE('',#11312,#11214,#11316,.T.);
#11316=LINE('',#11313,#11318);
#11318=VECTOR('',#11319,0.3302);
#11319=DIRECTION('',(0.0,0.0,1.0));
#11310=ORIENTED_EDGE('',*,*,#11311,.F.);
#11323=CARTESIAN_POINT('',(-1.44,0.39,0.051));
#11322=VERTEX_POINT('',#11323);
#11321=EDGE_CURVE('',#11322,#11312,#11326,.T.);
#11326=LINE('',#11323,#11328);
#11328=VECTOR('',#11329,0.384999862824327);
#11329=DIRECTION('',(-1.0,0.0,0.0));
#11320=ORIENTED_EDGE('',*,*,#11321,.F.);
#11333=CARTESIAN_POINT('',(-1.44,0.39,0.0));
#11332=VERTEX_POINT('',#11333);
#11331=EDGE_CURVE('',#11332,#11322,#11336,.T.);
#11336=LINE('',#11333,#11338);
#11338=VECTOR('',#11339,0.0508);
#11339=DIRECTION('',(0.0,0.0,1.0));
#11330=ORIENTED_EDGE('',*,*,#11331,.F.);
#11341=EDGE_CURVE('',#11245,#11332,#11346,.T.);
#11346=LINE('',#11246,#11348);
#11348=VECTOR('',#11349,0.435799861990343);
#11349=DIRECTION('',(1.0,0.0,0.0));
#11340=ORIENTED_EDGE('',*,*,#11341,.F.);
#11350=STYLED_ITEM('',(#34),#11351);
#11351=ADVANCED_FACE('',(#11357),#11352,.T.);
#11352=PLANE('',#11353);
#11353=AXIS2_PLACEMENT_3D('',#11354,#11355,#11356);
#11354=CARTESIAN_POINT('',(-1.44,0.11,0.0));
#11355=DIRECTION('',(0.0,-1.0,0.0));
#11356=DIRECTION('',(0.,0.,1.));
#11357=FACE_OUTER_BOUND('',#11358,.T.);
#11358=EDGE_LOOP('',(#11359,#11369,#11379,#11389,#11399,#11409));
#11362=CARTESIAN_POINT('',(-1.44,0.11,0.051));
#11361=VERTEX_POINT('',#11362);
#11364=CARTESIAN_POINT('',(-1.44,0.11,0.0));
#11363=VERTEX_POINT('',#11364);
#11360=EDGE_CURVE('',#11361,#11363,#11365,.T.);
#11365=LINE('',#11362,#11367);
#11367=VECTOR('',#11368,0.0508);
#11368=DIRECTION('',(0.0,0.0,-1.0));
#11359=ORIENTED_EDGE('',*,*,#11360,.F.);
#11372=CARTESIAN_POINT('',(-1.825,0.11,0.051));
#11371=VERTEX_POINT('',#11372);
#11370=EDGE_CURVE('',#11371,#11361,#11375,.T.);
#11375=LINE('',#11372,#11377);
#11377=VECTOR('',#11378,0.384999862824327);
#11378=DIRECTION('',(1.0,0.0,0.0));
#11369=ORIENTED_EDGE('',*,*,#11370,.F.);
#11380=EDGE_CURVE('',#11204,#11371,#11385,.T.);
#11385=LINE('',#11205,#11387);
#11387=VECTOR('',#11388,0.3302);
#11388=DIRECTION('',(0.0,0.0,-1.0));
#11379=ORIENTED_EDGE('',*,*,#11380,.F.);
#11389=ORIENTED_EDGE('',*,*,#11203,.T.);
#11399=ORIENTED_EDGE('',*,*,#11252,.T.);
#11410=EDGE_CURVE('',#11363,#11243,#11415,.T.);
#11415=LINE('',#11364,#11417);
#11417=VECTOR('',#11418,0.435799861990343);
#11418=DIRECTION('',(-1.0,0.0,0.0));
#11409=ORIENTED_EDGE('',*,*,#11410,.F.);
#11419=STYLED_ITEM('color',(#34),#11420);
#11420=ADVANCED_FACE($,(#11426),#11421,.T.);
#11421=PLANE($,#11422);
#11422=AXIS2_PLACEMENT_3D($,#11423,#11424,#11425);
#11423=CARTESIAN_POINT('',(-1.825,0.39,0.051));
#11424=DIRECTION('',(0.0,0.0,1.0));
#11425=DIRECTION('',(1.,0.,0.));
#11426=FACE_OUTER_BOUND($,#11427,.T.);
#11427=EDGE_LOOP($,(#11430, #11440, #11450, #11460));
#11430=ORIENTED_EDGE('',*,*,#11321,.T.);
#11441=EDGE_CURVE('',#11371,#11312,#11446,.T.);
#11446=LINE('',#11372,#11448);
#11448=VECTOR('',#11449,0.279999945882873);
#11449=DIRECTION('',(0.0,1.0,0.0));
#11440=ORIENTED_EDGE('',*,*,#11441,.F.);
#11450=ORIENTED_EDGE('',*,*,#11370,.T.);
#11461=EDGE_CURVE($,#11322,#11361,#11466,.T.);
#11466=CIRCLE($,#11467,0.139999974);
#11468=CARTESIAN_POINT('',(-1.44,0.25,0.051));
#11467=AXIS2_PLACEMENT_3D($,#11468,#11469,#11470);
#11469=DIRECTION('',(0.0,0.0,-1.0));
#11470=DIRECTION('',(0.0,-1.0,0.0));
#11460=ORIENTED_EDGE('',*,*,#11461,.F.);
#11471=STYLED_ITEM('color',(#34),#11472);
#11472=ADVANCED_FACE($,(#11478),#11473,.T.);
#11473=PLANE($,#11474);
#11474=AXIS2_PLACEMENT_3D($,#11475,#11476,#11477);
#11475=CARTESIAN_POINT('',(-1.44,0.11,0.0));
#11476=DIRECTION('',(0.0,0.0,-1.0));
#11477=DIRECTION('',(1.,0.,0.));
#11478=FACE_OUTER_BOUND($,#11479,.T.);
#11479=EDGE_LOOP($,(#11482, #11492, #11502, #11512));
#11482=ORIENTED_EDGE('',*,*,#11410,.T.);
#11492=ORIENTED_EDGE('',*,*,#11242,.T.);
#11502=ORIENTED_EDGE('',*,*,#11341,.T.);
#11513=EDGE_CURVE($,#11363,#11332,#11518,.T.);
#11518=CIRCLE($,#11519,0.139999974);
#11520=CARTESIAN_POINT('',(-1.44,0.25,0.0));
#11519=AXIS2_PLACEMENT_3D($,#11520,#11521,#11522);
#11521=DIRECTION('',(0.0,0.0,1.0));
#11522=DIRECTION('',(0.0,1.0,0.0));
#11512=ORIENTED_EDGE('',*,*,#11513,.F.);
#11523=STYLED_ITEM('color',(#34),#11524);
#11524=ADVANCED_FACE($,(#11530),#11525,.T.);
#11525=CYLINDRICAL_SURFACE($,#11526,0.139999974);
#11526=AXIS2_PLACEMENT_3D($,#11527,#11528,#11529);
#11527=CARTESIAN_POINT('',(-1.44,0.25,0.0));
#11528=DIRECTION('',(0.,0.,1.));
#11529=DIRECTION('',(0.,1.,0.));
#11530=FACE_OUTER_BOUND($,#11531,.T.);
#11531=EDGE_LOOP($,(#11554, #11532, #11564, #11543));
#11554=ORIENTED_EDGE('',*,*,#11360,.T.);
#11532=ORIENTED_EDGE('',*,*,#11513,.T.);
#11564=ORIENTED_EDGE('',*,*,#11331,.T.);
#11543=ORIENTED_EDGE('',*,*,#11461,.T.);
#11576=STYLED_ITEM('',(#34),#11577);
#11577=ADVANCED_FACE('',(#11583),#11578,.T.);
#11578=PLANE('',#11579);
#11579=AXIS2_PLACEMENT_3D('',#11580,#11581,#11582);
#11580=CARTESIAN_POINT('',(-1.825,0.39,0.381));
#11581=DIRECTION('',(1.0,0.0,0.0));
#11582=DIRECTION('',(0.,0.,1.));
#11583=FACE_OUTER_BOUND('',#11584,.T.);
#11584=EDGE_LOOP('',(#11585,#11595,#11605,#11615));
#11585=ORIENTED_EDGE('',*,*,#11213,.T.);
#11595=ORIENTED_EDGE('',*,*,#11380,.T.);
#11605=ORIENTED_EDGE('',*,*,#11441,.T.);
#11615=ORIENTED_EDGE('',*,*,#11311,.T.);
#12043=MANIFOLD_SOLID_BREP($,#12044);
#12044=CLOSED_SHELL('',(#12046,#12095,#12144,#12213,#12282,#12334,#12386,#12439));
#12045=STYLED_ITEM('',(#34),#12046);
#12046=ADVANCED_FACE('',(#12052),#12047,.T.);
#12047=PLANE('',#12048);
#12048=AXIS2_PLACEMENT_3D('',#12049,#12050,#12051);
#12049=CARTESIAN_POINT('',(-1.876,0.89,0.381));
#12050=DIRECTION('',(0.0,0.0,1.0));
#12051=DIRECTION('',(0.,1.,0.));
#12052=FACE_OUTER_BOUND('',#12053,.T.);
#12053=EDGE_LOOP('',(#12054,#12064,#12074,#12084));
#12057=CARTESIAN_POINT('',(-1.876,0.61,0.381));
#12056=VERTEX_POINT('',#12057);
#12059=CARTESIAN_POINT('',(-1.876,0.89,0.381));
#12058=VERTEX_POINT('',#12059);
#12055=EDGE_CURVE('',#12056,#12058,#12060,.T.);
#12060=LINE('',#12057,#12062);
#12062=VECTOR('',#12063,0.279999948);
#12063=DIRECTION('',(0.0,1.0,0.0));
#12054=ORIENTED_EDGE('',*,*,#12055,.F.);
#12067=CARTESIAN_POINT('',(-1.825,0.61,0.381));
#12066=VERTEX_POINT('',#12067);
#12065=EDGE_CURVE('',#12066,#12056,#12070,.T.);
#12070=LINE('',#12067,#12072);
#12072=VECTOR('',#12073,0.050799999166016);
#12073=DIRECTION('',(-1.0,0.0,0.0));
#12064=ORIENTED_EDGE('',*,*,#12065,.F.);
#12077=CARTESIAN_POINT('',(-1.825,0.89,0.381));
#12076=VERTEX_POINT('',#12077);
#12075=EDGE_CURVE('',#12076,#12066,#12080,.T.);
#12080=LINE('',#12077,#12082);
#12082=VECTOR('',#12083,0.279999945882873);
#12083=DIRECTION('',(0.0,-1.0,0.0));
#12074=ORIENTED_EDGE('',*,*,#12075,.F.);
#12085=EDGE_CURVE('',#12058,#12076,#12090,.T.);
#12090=LINE('',#12059,#12092);
#12092=VECTOR('',#12093,0.0507999991660159);
#12093=DIRECTION('',(1.0,0.0,0.0));
#12084=ORIENTED_EDGE('',*,*,#12085,.F.);
#12094=STYLED_ITEM('',(#34),#12095);
#12095=ADVANCED_FACE('',(#12101),#12096,.T.);
#12096=PLANE('',#12097);
#12097=AXIS2_PLACEMENT_3D('',#12098,#12099,#12100);
#12098=CARTESIAN_POINT('',(-1.876,0.89,0.0));
#12099=DIRECTION('',(-1.0,0.0,0.0));
#12100=DIRECTION('',(0.,0.,1.));
#12101=FACE_OUTER_BOUND('',#12102,.T.);
#12102=EDGE_LOOP('',(#12103,#12113,#12123,#12133));
#12106=CARTESIAN_POINT('',(-1.876,0.61,0.0));
#12105=VERTEX_POINT('',#12106);
#12108=CARTESIAN_POINT('',(-1.876,0.89,0.0));
#12107=VERTEX_POINT('',#12108);
#12104=EDGE_CURVE('',#12105,#12107,#12109,.T.);
#12109=LINE('',#12106,#12111);
#12111=VECTOR('',#12112,0.279999948);
#12112=DIRECTION('',(0.0,1.0,0.0));
#12103=ORIENTED_EDGE('',*,*,#12104,.F.);
#12114=EDGE_CURVE('',#12056,#12105,#12119,.T.);
#12119=LINE('',#12057,#12121);
#12121=VECTOR('',#12122,0.381);
#12122=DIRECTION('',(0.0,0.0,-1.0));
#12113=ORIENTED_EDGE('',*,*,#12114,.F.);
#12123=ORIENTED_EDGE('',*,*,#12055,.T.);
#12134=EDGE_CURVE('',#12107,#12058,#12139,.T.);
#12139=LINE('',#12108,#12141);
#12141=VECTOR('',#12142,0.381);
#12142=DIRECTION('',(0.0,0.0,1.0));
#12133=ORIENTED_EDGE('',*,*,#12134,.F.);
#12143=STYLED_ITEM('',(#34),#12144);
#12144=ADVANCED_FACE('',(#12150),#12145,.T.);
#12145=PLANE('',#12146);
#12146=AXIS2_PLACEMENT_3D('',#12147,#12148,#12149);
#12147=CARTESIAN_POINT('',(-1.876,0.89,0.0));
#12148=DIRECTION('',(0.0,1.0,0.0));
#12149=DIRECTION('',(0.,0.,1.));
#12150=FACE_OUTER_BOUND('',#12151,.T.);
#12151=EDGE_LOOP('',(#12152,#12162,#12172,#12182,#12192,#12202));
#12152=ORIENTED_EDGE('',*,*,#12134,.T.);
#12162=ORIENTED_EDGE('',*,*,#12085,.T.);
#12175=CARTESIAN_POINT('',(-1.825,0.89,0.051));
#12174=VERTEX_POINT('',#12175);
#12173=EDGE_CURVE('',#12174,#12076,#12178,.T.);
#12178=LINE('',#12175,#12180);
#12180=VECTOR('',#12181,0.3302);
#12181=DIRECTION('',(0.0,0.0,1.0));
#12172=ORIENTED_EDGE('',*,*,#12173,.F.);
#12185=CARTESIAN_POINT('',(-1.44,0.89,0.051));
#12184=VERTEX_POINT('',#12185);
#12183=EDGE_CURVE('',#12184,#12174,#12188,.T.);
#12188=LINE('',#12185,#12190);
#12190=VECTOR('',#12191,0.384999862824327);
#12191=DIRECTION('',(-1.0,0.0,0.0));
#12182=ORIENTED_EDGE('',*,*,#12183,.F.);
#12195=CARTESIAN_POINT('',(-1.44,0.89,0.0));
#12194=VERTEX_POINT('',#12195);
#12193=EDGE_CURVE('',#12194,#12184,#12198,.T.);
#12198=LINE('',#12195,#12200);
#12200=VECTOR('',#12201,0.0508);
#12201=DIRECTION('',(0.0,0.0,1.0));
#12192=ORIENTED_EDGE('',*,*,#12193,.F.);
#12203=EDGE_CURVE('',#12107,#12194,#12208,.T.);
#12208=LINE('',#12108,#12210);
#12210=VECTOR('',#12211,0.435799861990343);
#12211=DIRECTION('',(1.0,0.0,0.0));
#12202=ORIENTED_EDGE('',*,*,#12203,.F.);
#12212=STYLED_ITEM('',(#34),#12213);
#12213=ADVANCED_FACE('',(#12219),#12214,.T.);
#12214=PLANE('',#12215);
#12215=AXIS2_PLACEMENT_3D('',#12216,#12217,#12218);
#12216=CARTESIAN_POINT('',(-1.44,0.61,0.0));
#12217=DIRECTION('',(0.0,-1.0,0.0));
#12218=DIRECTION('',(0.,0.,1.));
#12219=FACE_OUTER_BOUND('',#12220,.T.);
#12220=EDGE_LOOP('',(#12221,#12231,#12241,#12251,#12261,#12271));
#12224=CARTESIAN_POINT('',(-1.44,0.61,0.051));
#12223=VERTEX_POINT('',#12224);
#12226=CARTESIAN_POINT('',(-1.44,0.61,0.0));
#12225=VERTEX_POINT('',#12226);
#12222=EDGE_CURVE('',#12223,#12225,#12227,.T.);
#12227=LINE('',#12224,#12229);
#12229=VECTOR('',#12230,0.0508);
#12230=DIRECTION('',(0.0,0.0,-1.0));
#12221=ORIENTED_EDGE('',*,*,#12222,.F.);
#12234=CARTESIAN_POINT('',(-1.825,0.61,0.051));
#12233=VERTEX_POINT('',#12234);
#12232=EDGE_CURVE('',#12233,#12223,#12237,.T.);
#12237=LINE('',#12234,#12239);
#12239=VECTOR('',#12240,0.384999862824327);
#12240=DIRECTION('',(1.0,0.0,0.0));
#12231=ORIENTED_EDGE('',*,*,#12232,.F.);
#12242=EDGE_CURVE('',#12066,#12233,#12247,.T.);
#12247=LINE('',#12067,#12249);
#12249=VECTOR('',#12250,0.3302);
#12250=DIRECTION('',(0.0,0.0,-1.0));
#12241=ORIENTED_EDGE('',*,*,#12242,.F.);
#12251=ORIENTED_EDGE('',*,*,#12065,.T.);
#12261=ORIENTED_EDGE('',*,*,#12114,.T.);
#12272=EDGE_CURVE('',#12225,#12105,#12277,.T.);
#12277=LINE('',#12226,#12279);
#12279=VECTOR('',#12280,0.435799861990343);
#12280=DIRECTION('',(-1.0,0.0,0.0));
#12271=ORIENTED_EDGE('',*,*,#12272,.F.);
#12281=STYLED_ITEM('color',(#34),#12282);
#12282=ADVANCED_FACE($,(#12288),#12283,.T.);
#12283=PLANE($,#12284);
#12284=AXIS2_PLACEMENT_3D($,#12285,#12286,#12287);
#12285=CARTESIAN_POINT('',(-1.825,0.89,0.051));
#12286=DIRECTION('',(0.0,0.0,1.0));
#12287=DIRECTION('',(1.,0.,0.));
#12288=FACE_OUTER_BOUND($,#12289,.T.);
#12289=EDGE_LOOP($,(#12292, #12302, #12312, #12322));
#12292=ORIENTED_EDGE('',*,*,#12183,.T.);
#12303=EDGE_CURVE('',#12233,#12174,#12308,.T.);
#12308=LINE('',#12234,#12310);
#12310=VECTOR('',#12311,0.279999945882873);
#12311=DIRECTION('',(0.0,1.0,0.0));
#12302=ORIENTED_EDGE('',*,*,#12303,.F.);
#12312=ORIENTED_EDGE('',*,*,#12232,.T.);
#12323=EDGE_CURVE($,#12184,#12223,#12328,.T.);
#12328=CIRCLE($,#12329,0.139999974);
#12330=CARTESIAN_POINT('',(-1.44,0.75,0.051));
#12329=AXIS2_PLACEMENT_3D($,#12330,#12331,#12332);
#12331=DIRECTION('',(0.0,0.0,-1.0));
#12332=DIRECTION('',(0.0,-1.0,0.0));
#12322=ORIENTED_EDGE('',*,*,#12323,.F.);
#12333=STYLED_ITEM('color',(#34),#12334);
#12334=ADVANCED_FACE($,(#12340),#12335,.T.);
#12335=PLANE($,#12336);
#12336=AXIS2_PLACEMENT_3D($,#12337,#12338,#12339);
#12337=CARTESIAN_POINT('',(-1.44,0.61,0.0));
#12338=DIRECTION('',(0.0,0.0,-1.0));
#12339=DIRECTION('',(1.,0.,0.));
#12340=FACE_OUTER_BOUND($,#12341,.T.);
#12341=EDGE_LOOP($,(#12344, #12354, #12364, #12374));
#12344=ORIENTED_EDGE('',*,*,#12272,.T.);
#12354=ORIENTED_EDGE('',*,*,#12104,.T.);
#12364=ORIENTED_EDGE('',*,*,#12203,.T.);
#12375=EDGE_CURVE($,#12225,#12194,#12380,.T.);
#12380=CIRCLE($,#12381,0.139999974);
#12382=CARTESIAN_POINT('',(-1.44,0.75,0.0));
#12381=AXIS2_PLACEMENT_3D($,#12382,#12383,#12384);
#12383=DIRECTION('',(0.0,0.0,1.0));
#12384=DIRECTION('',(0.0,1.0,0.0));
#12374=ORIENTED_EDGE('',*,*,#12375,.F.);
#12385=STYLED_ITEM('color',(#34),#12386);
#12386=ADVANCED_FACE($,(#12392),#12387,.T.);
#12387=CYLINDRICAL_SURFACE($,#12388,0.139999974);
#12388=AXIS2_PLACEMENT_3D($,#12389,#12390,#12391);
#12389=CARTESIAN_POINT('',(-1.44,0.75,0.0));
#12390=DIRECTION('',(0.,0.,1.));
#12391=DIRECTION('',(0.,1.,0.));
#12392=FACE_OUTER_BOUND($,#12393,.T.);
#12393=EDGE_LOOP($,(#12416, #12394, #12426, #12405));
#12416=ORIENTED_EDGE('',*,*,#12222,.T.);
#12394=ORIENTED_EDGE('',*,*,#12375,.T.);
#12426=ORIENTED_EDGE('',*,*,#12193,.T.);
#12405=ORIENTED_EDGE('',*,*,#12323,.T.);
#12438=STYLED_ITEM('',(#34),#12439);
#12439=ADVANCED_FACE('',(#12445),#12440,.T.);
#12440=PLANE('',#12441);
#12441=AXIS2_PLACEMENT_3D('',#12442,#12443,#12444);
#12442=CARTESIAN_POINT('',(-1.825,0.89,0.381));
#12443=DIRECTION('',(1.0,0.0,0.0));
#12444=DIRECTION('',(0.,0.,1.));
#12445=FACE_OUTER_BOUND('',#12446,.T.);
#12446=EDGE_LOOP('',(#12447,#12457,#12467,#12477));
#12447=ORIENTED_EDGE('',*,*,#12075,.T.);
#12457=ORIENTED_EDGE('',*,*,#12242,.T.);
#12467=ORIENTED_EDGE('',*,*,#12303,.T.);
#12477=ORIENTED_EDGE('',*,*,#12173,.T.);
#12905=MANIFOLD_SOLID_BREP($,#12906);
#12906=CLOSED_SHELL('',(#12908,#12957,#13006,#13075,#13144,#13196,#13248,#13301));
#12907=STYLED_ITEM('',(#34),#12908);
#12908=ADVANCED_FACE('',(#12914),#12909,.T.);
#12909=PLANE('',#12910);
#12910=AXIS2_PLACEMENT_3D('',#12911,#12912,#12913);
#12911=CARTESIAN_POINT('',(-1.876,1.39,0.381));
#12912=DIRECTION('',(0.0,0.0,1.0));
#12913=DIRECTION('',(0.,1.,0.));
#12914=FACE_OUTER_BOUND('',#12915,.T.);
#12915=EDGE_LOOP('',(#12916,#12926,#12936,#12946));
#12919=CARTESIAN_POINT('',(-1.876,1.11,0.381));
#12918=VERTEX_POINT('',#12919);
#12921=CARTESIAN_POINT('',(-1.876,1.39,0.381));
#12920=VERTEX_POINT('',#12921);
#12917=EDGE_CURVE('',#12918,#12920,#12922,.T.);
#12922=LINE('',#12919,#12924);
#12924=VECTOR('',#12925,0.279999948);
#12925=DIRECTION('',(0.0,1.0,0.0));
#12916=ORIENTED_EDGE('',*,*,#12917,.F.);
#12929=CARTESIAN_POINT('',(-1.825,1.11,0.381));
#12928=VERTEX_POINT('',#12929);
#12927=EDGE_CURVE('',#12928,#12918,#12932,.T.);
#12932=LINE('',#12929,#12934);
#12934=VECTOR('',#12935,0.050799999166016);
#12935=DIRECTION('',(-1.0,0.0,0.0));
#12926=ORIENTED_EDGE('',*,*,#12927,.F.);
#12939=CARTESIAN_POINT('',(-1.825,1.39,0.381));
#12938=VERTEX_POINT('',#12939);
#12937=EDGE_CURVE('',#12938,#12928,#12942,.T.);
#12942=LINE('',#12939,#12944);
#12944=VECTOR('',#12945,0.279999945882873);
#12945=DIRECTION('',(0.0,-1.0,0.0));
#12936=ORIENTED_EDGE('',*,*,#12937,.F.);
#12947=EDGE_CURVE('',#12920,#12938,#12952,.T.);
#12952=LINE('',#12921,#12954);
#12954=VECTOR('',#12955,0.0507999991660159);
#12955=DIRECTION('',(1.0,0.0,0.0));
#12946=ORIENTED_EDGE('',*,*,#12947,.F.);
#12956=STYLED_ITEM('',(#34),#12957);
#12957=ADVANCED_FACE('',(#12963),#12958,.T.);
#12958=PLANE('',#12959);
#12959=AXIS2_PLACEMENT_3D('',#12960,#12961,#12962);
#12960=CARTESIAN_POINT('',(-1.876,1.39,0.0));
#12961=DIRECTION('',(-1.0,0.0,0.0));
#12962=DIRECTION('',(0.,0.,1.));
#12963=FACE_OUTER_BOUND('',#12964,.T.);
#12964=EDGE_LOOP('',(#12965,#12975,#12985,#12995));
#12968=CARTESIAN_POINT('',(-1.876,1.11,0.0));
#12967=VERTEX_POINT('',#12968);
#12970=CARTESIAN_POINT('',(-1.876,1.39,0.0));
#12969=VERTEX_POINT('',#12970);
#12966=EDGE_CURVE('',#12967,#12969,#12971,.T.);
#12971=LINE('',#12968,#12973);
#12973=VECTOR('',#12974,0.279999948);
#12974=DIRECTION('',(0.0,1.0,0.0));
#12965=ORIENTED_EDGE('',*,*,#12966,.F.);
#12976=EDGE_CURVE('',#12918,#12967,#12981,.T.);
#12981=LINE('',#12919,#12983);
#12983=VECTOR('',#12984,0.381);
#12984=DIRECTION('',(0.0,0.0,-1.0));
#12975=ORIENTED_EDGE('',*,*,#12976,.F.);
#12985=ORIENTED_EDGE('',*,*,#12917,.T.);
#12996=EDGE_CURVE('',#12969,#12920,#13001,.T.);
#13001=LINE('',#12970,#13003);
#13003=VECTOR('',#13004,0.381);
#13004=DIRECTION('',(0.0,0.0,1.0));
#12995=ORIENTED_EDGE('',*,*,#12996,.F.);
#13005=STYLED_ITEM('',(#34),#13006);
#13006=ADVANCED_FACE('',(#13012),#13007,.T.);
#13007=PLANE('',#13008);
#13008=AXIS2_PLACEMENT_3D('',#13009,#13010,#13011);
#13009=CARTESIAN_POINT('',(-1.876,1.39,0.0));
#13010=DIRECTION('',(0.0,1.0,0.0));
#13011=DIRECTION('',(0.,0.,1.));
#13012=FACE_OUTER_BOUND('',#13013,.T.);
#13013=EDGE_LOOP('',(#13014,#13024,#13034,#13044,#13054,#13064));
#13014=ORIENTED_EDGE('',*,*,#12996,.T.);
#13024=ORIENTED_EDGE('',*,*,#12947,.T.);
#13037=CARTESIAN_POINT('',(-1.825,1.39,0.051));
#13036=VERTEX_POINT('',#13037);
#13035=EDGE_CURVE('',#13036,#12938,#13040,.T.);
#13040=LINE('',#13037,#13042);
#13042=VECTOR('',#13043,0.3302);
#13043=DIRECTION('',(0.0,0.0,1.0));
#13034=ORIENTED_EDGE('',*,*,#13035,.F.);
#13047=CARTESIAN_POINT('',(-1.44,1.39,0.051));
#13046=VERTEX_POINT('',#13047);
#13045=EDGE_CURVE('',#13046,#13036,#13050,.T.);
#13050=LINE('',#13047,#13052);
#13052=VECTOR('',#13053,0.384999862824327);
#13053=DIRECTION('',(-1.0,0.0,0.0));
#13044=ORIENTED_EDGE('',*,*,#13045,.F.);
#13057=CARTESIAN_POINT('',(-1.44,1.39,0.0));
#13056=VERTEX_POINT('',#13057);
#13055=EDGE_CURVE('',#13056,#13046,#13060,.T.);
#13060=LINE('',#13057,#13062);
#13062=VECTOR('',#13063,0.0508);
#13063=DIRECTION('',(0.0,0.0,1.0));
#13054=ORIENTED_EDGE('',*,*,#13055,.F.);
#13065=EDGE_CURVE('',#12969,#13056,#13070,.T.);
#13070=LINE('',#12970,#13072);
#13072=VECTOR('',#13073,0.435799861990343);
#13073=DIRECTION('',(1.0,0.0,0.0));
#13064=ORIENTED_EDGE('',*,*,#13065,.F.);
#13074=STYLED_ITEM('',(#34),#13075);
#13075=ADVANCED_FACE('',(#13081),#13076,.T.);
#13076=PLANE('',#13077);
#13077=AXIS2_PLACEMENT_3D('',#13078,#13079,#13080);
#13078=CARTESIAN_POINT('',(-1.44,1.11,0.0));
#13079=DIRECTION('',(0.0,-1.0,0.0));
#13080=DIRECTION('',(0.,0.,1.));
#13081=FACE_OUTER_BOUND('',#13082,.T.);
#13082=EDGE_LOOP('',(#13083,#13093,#13103,#13113,#13123,#13133));
#13086=CARTESIAN_POINT('',(-1.44,1.11,0.051));
#13085=VERTEX_POINT('',#13086);
#13088=CARTESIAN_POINT('',(-1.44,1.11,0.0));
#13087=VERTEX_POINT('',#13088);
#13084=EDGE_CURVE('',#13085,#13087,#13089,.T.);
#13089=LINE('',#13086,#13091);
#13091=VECTOR('',#13092,0.0508);
#13092=DIRECTION('',(0.0,0.0,-1.0));
#13083=ORIENTED_EDGE('',*,*,#13084,.F.);
#13096=CARTESIAN_POINT('',(-1.825,1.11,0.051));
#13095=VERTEX_POINT('',#13096);
#13094=EDGE_CURVE('',#13095,#13085,#13099,.T.);
#13099=LINE('',#13096,#13101);
#13101=VECTOR('',#13102,0.384999862824327);
#13102=DIRECTION('',(1.0,0.0,0.0));
#13093=ORIENTED_EDGE('',*,*,#13094,.F.);
#13104=EDGE_CURVE('',#12928,#13095,#13109,.T.);
#13109=LINE('',#12929,#13111);
#13111=VECTOR('',#13112,0.3302);
#13112=DIRECTION('',(0.0,0.0,-1.0));
#13103=ORIENTED_EDGE('',*,*,#13104,.F.);
#13113=ORIENTED_EDGE('',*,*,#12927,.T.);
#13123=ORIENTED_EDGE('',*,*,#12976,.T.);
#13134=EDGE_CURVE('',#13087,#12967,#13139,.T.);
#13139=LINE('',#13088,#13141);
#13141=VECTOR('',#13142,0.435799861990343);
#13142=DIRECTION('',(-1.0,0.0,0.0));
#13133=ORIENTED_EDGE('',*,*,#13134,.F.);
#13143=STYLED_ITEM('color',(#34),#13144);
#13144=ADVANCED_FACE($,(#13150),#13145,.T.);
#13145=PLANE($,#13146);
#13146=AXIS2_PLACEMENT_3D($,#13147,#13148,#13149);
#13147=CARTESIAN_POINT('',(-1.825,1.39,0.051));
#13148=DIRECTION('',(0.0,0.0,1.0));
#13149=DIRECTION('',(1.,0.,0.));
#13150=FACE_OUTER_BOUND($,#13151,.T.);
#13151=EDGE_LOOP($,(#13154, #13164, #13174, #13184));
#13154=ORIENTED_EDGE('',*,*,#13045,.T.);
#13165=EDGE_CURVE('',#13095,#13036,#13170,.T.);
#13170=LINE('',#13096,#13172);
#13172=VECTOR('',#13173,0.279999945882873);
#13173=DIRECTION('',(0.0,1.0,0.0));
#13164=ORIENTED_EDGE('',*,*,#13165,.F.);
#13174=ORIENTED_EDGE('',*,*,#13094,.T.);
#13185=EDGE_CURVE($,#13046,#13085,#13190,.T.);
#13190=CIRCLE($,#13191,0.139999974);
#13192=CARTESIAN_POINT('',(-1.44,1.25,0.051));
#13191=AXIS2_PLACEMENT_3D($,#13192,#13193,#13194);
#13193=DIRECTION('',(0.0,0.0,-1.0));
#13194=DIRECTION('',(0.0,-1.0,0.0));
#13184=ORIENTED_EDGE('',*,*,#13185,.F.);
#13195=STYLED_ITEM('color',(#34),#13196);
#13196=ADVANCED_FACE($,(#13202),#13197,.T.);
#13197=PLANE($,#13198);
#13198=AXIS2_PLACEMENT_3D($,#13199,#13200,#13201);
#13199=CARTESIAN_POINT('',(-1.44,1.11,0.0));
#13200=DIRECTION('',(0.0,0.0,-1.0));
#13201=DIRECTION('',(1.,0.,0.));
#13202=FACE_OUTER_BOUND($,#13203,.T.);
#13203=EDGE_LOOP($,(#13206, #13216, #13226, #13236));
#13206=ORIENTED_EDGE('',*,*,#13134,.T.);
#13216=ORIENTED_EDGE('',*,*,#12966,.T.);
#13226=ORIENTED_EDGE('',*,*,#13065,.T.);
#13237=EDGE_CURVE($,#13087,#13056,#13242,.T.);
#13242=CIRCLE($,#13243,0.139999974);
#13244=CARTESIAN_POINT('',(-1.44,1.25,0.0));
#13243=AXIS2_PLACEMENT_3D($,#13244,#13245,#13246);
#13245=DIRECTION('',(0.0,0.0,1.0));
#13246=DIRECTION('',(0.0,1.0,0.0));
#13236=ORIENTED_EDGE('',*,*,#13237,.F.);
#13247=STYLED_ITEM('color',(#34),#13248);
#13248=ADVANCED_FACE($,(#13254),#13249,.T.);
#13249=CYLINDRICAL_SURFACE($,#13250,0.139999974);
#13250=AXIS2_PLACEMENT_3D($,#13251,#13252,#13253);
#13251=CARTESIAN_POINT('',(-1.44,1.25,0.0));
#13252=DIRECTION('',(0.,0.,1.));
#13253=DIRECTION('',(0.,1.,0.));
#13254=FACE_OUTER_BOUND($,#13255,.T.);
#13255=EDGE_LOOP($,(#13278, #13256, #13288, #13267));
#13278=ORIENTED_EDGE('',*,*,#13084,.T.);
#13256=ORIENTED_EDGE('',*,*,#13237,.T.);
#13288=ORIENTED_EDGE('',*,*,#13055,.T.);
#13267=ORIENTED_EDGE('',*,*,#13185,.T.);
#13300=STYLED_ITEM('',(#34),#13301);
#13301=ADVANCED_FACE('',(#13307),#13302,.T.);
#13302=PLANE('',#13303);
#13303=AXIS2_PLACEMENT_3D('',#13304,#13305,#13306);
#13304=CARTESIAN_POINT('',(-1.825,1.39,0.381));
#13305=DIRECTION('',(1.0,0.0,0.0));
#13306=DIRECTION('',(0.,0.,1.));
#13307=FACE_OUTER_BOUND('',#13308,.T.);
#13308=EDGE_LOOP('',(#13309,#13319,#13329,#13339));
#13309=ORIENTED_EDGE('',*,*,#12937,.T.);
#13319=ORIENTED_EDGE('',*,*,#13104,.T.);
#13329=ORIENTED_EDGE('',*,*,#13165,.T.);
#13339=ORIENTED_EDGE('',*,*,#13035,.T.);
#13767=MANIFOLD_SOLID_BREP($,#13768);
#13768=CLOSED_SHELL('',(#13770,#13819,#13868,#13937,#14006,#14058,#14110,#14163));
#13769=STYLED_ITEM('',(#34),#13770);
#13770=ADVANCED_FACE('',(#13776),#13771,.T.);
#13771=PLANE('',#13772);
#13772=AXIS2_PLACEMENT_3D('',#13773,#13774,#13775);
#13773=CARTESIAN_POINT('',(-1.876,1.89,0.381));
#13774=DIRECTION('',(0.0,0.0,1.0));
#13775=DIRECTION('',(0.,1.,0.));
#13776=FACE_OUTER_BOUND('',#13777,.T.);
#13777=EDGE_LOOP('',(#13778,#13788,#13798,#13808));
#13781=CARTESIAN_POINT('',(-1.876,1.61,0.381));
#13780=VERTEX_POINT('',#13781);
#13783=CARTESIAN_POINT('',(-1.876,1.89,0.381));
#13782=VERTEX_POINT('',#13783);
#13779=EDGE_CURVE('',#13780,#13782,#13784,.T.);
#13784=LINE('',#13781,#13786);
#13786=VECTOR('',#13787,0.279999948);
#13787=DIRECTION('',(0.0,1.0,0.0));
#13778=ORIENTED_EDGE('',*,*,#13779,.F.);
#13791=CARTESIAN_POINT('',(-1.825,1.61,0.381));
#13790=VERTEX_POINT('',#13791);
#13789=EDGE_CURVE('',#13790,#13780,#13794,.T.);
#13794=LINE('',#13791,#13796);
#13796=VECTOR('',#13797,0.050799999166016);
#13797=DIRECTION('',(-1.0,0.0,0.0));
#13788=ORIENTED_EDGE('',*,*,#13789,.F.);
#13801=CARTESIAN_POINT('',(-1.825,1.89,0.381));
#13800=VERTEX_POINT('',#13801);
#13799=EDGE_CURVE('',#13800,#13790,#13804,.T.);
#13804=LINE('',#13801,#13806);
#13806=VECTOR('',#13807,0.279999945882873);
#13807=DIRECTION('',(0.0,-1.0,0.0));
#13798=ORIENTED_EDGE('',*,*,#13799,.F.);
#13809=EDGE_CURVE('',#13782,#13800,#13814,.T.);
#13814=LINE('',#13783,#13816);
#13816=VECTOR('',#13817,0.0507999991660159);
#13817=DIRECTION('',(1.0,0.0,0.0));
#13808=ORIENTED_EDGE('',*,*,#13809,.F.);
#13818=STYLED_ITEM('',(#34),#13819);
#13819=ADVANCED_FACE('',(#13825),#13820,.T.);
#13820=PLANE('',#13821);
#13821=AXIS2_PLACEMENT_3D('',#13822,#13823,#13824);
#13822=CARTESIAN_POINT('',(-1.876,1.89,0.0));
#13823=DIRECTION('',(-1.0,0.0,0.0));
#13824=DIRECTION('',(0.,0.,1.));
#13825=FACE_OUTER_BOUND('',#13826,.T.);
#13826=EDGE_LOOP('',(#13827,#13837,#13847,#13857));
#13830=CARTESIAN_POINT('',(-1.876,1.61,0.0));
#13829=VERTEX_POINT('',#13830);
#13832=CARTESIAN_POINT('',(-1.876,1.89,0.0));
#13831=VERTEX_POINT('',#13832);
#13828=EDGE_CURVE('',#13829,#13831,#13833,.T.);
#13833=LINE('',#13830,#13835);
#13835=VECTOR('',#13836,0.279999948);
#13836=DIRECTION('',(0.0,1.0,0.0));
#13827=ORIENTED_EDGE('',*,*,#13828,.F.);
#13838=EDGE_CURVE('',#13780,#13829,#13843,.T.);
#13843=LINE('',#13781,#13845);
#13845=VECTOR('',#13846,0.381);
#13846=DIRECTION('',(0.0,0.0,-1.0));
#13837=ORIENTED_EDGE('',*,*,#13838,.F.);
#13847=ORIENTED_EDGE('',*,*,#13779,.T.);
#13858=EDGE_CURVE('',#13831,#13782,#13863,.T.);
#13863=LINE('',#13832,#13865);
#13865=VECTOR('',#13866,0.381);
#13866=DIRECTION('',(0.0,0.0,1.0));
#13857=ORIENTED_EDGE('',*,*,#13858,.F.);
#13867=STYLED_ITEM('',(#34),#13868);
#13868=ADVANCED_FACE('',(#13874),#13869,.T.);
#13869=PLANE('',#13870);
#13870=AXIS2_PLACEMENT_3D('',#13871,#13872,#13873);
#13871=CARTESIAN_POINT('',(-1.876,1.89,0.0));
#13872=DIRECTION('',(0.0,1.0,0.0));
#13873=DIRECTION('',(0.,0.,1.));
#13874=FACE_OUTER_BOUND('',#13875,.T.);
#13875=EDGE_LOOP('',(#13876,#13886,#13896,#13906,#13916,#13926));
#13876=ORIENTED_EDGE('',*,*,#13858,.T.);
#13886=ORIENTED_EDGE('',*,*,#13809,.T.);
#13899=CARTESIAN_POINT('',(-1.825,1.89,0.051));
#13898=VERTEX_POINT('',#13899);
#13897=EDGE_CURVE('',#13898,#13800,#13902,.T.);
#13902=LINE('',#13899,#13904);
#13904=VECTOR('',#13905,0.3302);
#13905=DIRECTION('',(0.0,0.0,1.0));
#13896=ORIENTED_EDGE('',*,*,#13897,.F.);
#13909=CARTESIAN_POINT('',(-1.44,1.89,0.051));
#13908=VERTEX_POINT('',#13909);
#13907=EDGE_CURVE('',#13908,#13898,#13912,.T.);
#13912=LINE('',#13909,#13914);
#13914=VECTOR('',#13915,0.384999862824327);
#13915=DIRECTION('',(-1.0,0.0,0.0));
#13906=ORIENTED_EDGE('',*,*,#13907,.F.);
#13919=CARTESIAN_POINT('',(-1.44,1.89,0.0));
#13918=VERTEX_POINT('',#13919);
#13917=EDGE_CURVE('',#13918,#13908,#13922,.T.);
#13922=LINE('',#13919,#13924);
#13924=VECTOR('',#13925,0.0508);
#13925=DIRECTION('',(0.0,0.0,1.0));
#13916=ORIENTED_EDGE('',*,*,#13917,.F.);
#13927=EDGE_CURVE('',#13831,#13918,#13932,.T.);
#13932=LINE('',#13832,#13934);
#13934=VECTOR('',#13935,0.435799861990343);
#13935=DIRECTION('',(1.0,0.0,0.0));
#13926=ORIENTED_EDGE('',*,*,#13927,.F.);
#13936=STYLED_ITEM('',(#34),#13937);
#13937=ADVANCED_FACE('',(#13943),#13938,.T.);
#13938=PLANE('',#13939);
#13939=AXIS2_PLACEMENT_3D('',#13940,#13941,#13942);
#13940=CARTESIAN_POINT('',(-1.44,1.61,0.0));
#13941=DIRECTION('',(0.0,-1.0,0.0));
#13942=DIRECTION('',(0.,0.,1.));
#13943=FACE_OUTER_BOUND('',#13944,.T.);
#13944=EDGE_LOOP('',(#13945,#13955,#13965,#13975,#13985,#13995));
#13948=CARTESIAN_POINT('',(-1.44,1.61,0.051));
#13947=VERTEX_POINT('',#13948);
#13950=CARTESIAN_POINT('',(-1.44,1.61,0.0));
#13949=VERTEX_POINT('',#13950);
#13946=EDGE_CURVE('',#13947,#13949,#13951,.T.);
#13951=LINE('',#13948,#13953);
#13953=VECTOR('',#13954,0.0508);
#13954=DIRECTION('',(0.0,0.0,-1.0));
#13945=ORIENTED_EDGE('',*,*,#13946,.F.);
#13958=CARTESIAN_POINT('',(-1.825,1.61,0.051));
#13957=VERTEX_POINT('',#13958);
#13956=EDGE_CURVE('',#13957,#13947,#13961,.T.);
#13961=LINE('',#13958,#13963);
#13963=VECTOR('',#13964,0.384999862824327);
#13964=DIRECTION('',(1.0,0.0,0.0));
#13955=ORIENTED_EDGE('',*,*,#13956,.F.);
#13966=EDGE_CURVE('',#13790,#13957,#13971,.T.);
#13971=LINE('',#13791,#13973);
#13973=VECTOR('',#13974,0.3302);
#13974=DIRECTION('',(0.0,0.0,-1.0));
#13965=ORIENTED_EDGE('',*,*,#13966,.F.);
#13975=ORIENTED_EDGE('',*,*,#13789,.T.);
#13985=ORIENTED_EDGE('',*,*,#13838,.T.);
#13996=EDGE_CURVE('',#13949,#13829,#14001,.T.);
#14001=LINE('',#13950,#14003);
#14003=VECTOR('',#14004,0.435799861990343);
#14004=DIRECTION('',(-1.0,0.0,0.0));
#13995=ORIENTED_EDGE('',*,*,#13996,.F.);
#14005=STYLED_ITEM('color',(#34),#14006);
#14006=ADVANCED_FACE($,(#14012),#14007,.T.);
#14007=PLANE($,#14008);
#14008=AXIS2_PLACEMENT_3D($,#14009,#14010,#14011);
#14009=CARTESIAN_POINT('',(-1.825,1.89,0.051));
#14010=DIRECTION('',(0.0,0.0,1.0));
#14011=DIRECTION('',(1.,0.,0.));
#14012=FACE_OUTER_BOUND($,#14013,.T.);
#14013=EDGE_LOOP($,(#14016, #14026, #14036, #14046));
#14016=ORIENTED_EDGE('',*,*,#13907,.T.);
#14027=EDGE_CURVE('',#13957,#13898,#14032,.T.);
#14032=LINE('',#13958,#14034);
#14034=VECTOR('',#14035,0.279999945882873);
#14035=DIRECTION('',(0.0,1.0,0.0));
#14026=ORIENTED_EDGE('',*,*,#14027,.F.);
#14036=ORIENTED_EDGE('',*,*,#13956,.T.);
#14047=EDGE_CURVE($,#13908,#13947,#14052,.T.);
#14052=CIRCLE($,#14053,0.139999974);
#14054=CARTESIAN_POINT('',(-1.44,1.75,0.051));
#14053=AXIS2_PLACEMENT_3D($,#14054,#14055,#14056);
#14055=DIRECTION('',(0.0,0.0,-1.0));
#14056=DIRECTION('',(0.0,-1.0,0.0));
#14046=ORIENTED_EDGE('',*,*,#14047,.F.);
#14057=STYLED_ITEM('color',(#34),#14058);
#14058=ADVANCED_FACE($,(#14064),#14059,.T.);
#14059=PLANE($,#14060);
#14060=AXIS2_PLACEMENT_3D($,#14061,#14062,#14063);
#14061=CARTESIAN_POINT('',(-1.44,1.61,0.0));
#14062=DIRECTION('',(0.0,0.0,-1.0));
#14063=DIRECTION('',(1.,0.,0.));
#14064=FACE_OUTER_BOUND($,#14065,.T.);
#14065=EDGE_LOOP($,(#14068, #14078, #14088, #14098));
#14068=ORIENTED_EDGE('',*,*,#13996,.T.);
#14078=ORIENTED_EDGE('',*,*,#13828,.T.);
#14088=ORIENTED_EDGE('',*,*,#13927,.T.);
#14099=EDGE_CURVE($,#13949,#13918,#14104,.T.);
#14104=CIRCLE($,#14105,0.139999974);
#14106=CARTESIAN_POINT('',(-1.44,1.75,0.0));
#14105=AXIS2_PLACEMENT_3D($,#14106,#14107,#14108);
#14107=DIRECTION('',(0.0,0.0,1.0));
#14108=DIRECTION('',(0.0,1.0,0.0));
#14098=ORIENTED_EDGE('',*,*,#14099,.F.);
#14109=STYLED_ITEM('color',(#34),#14110);
#14110=ADVANCED_FACE($,(#14116),#14111,.T.);
#14111=CYLINDRICAL_SURFACE($,#14112,0.139999974);
#14112=AXIS2_PLACEMENT_3D($,#14113,#14114,#14115);
#14113=CARTESIAN_POINT('',(-1.44,1.75,0.0));
#14114=DIRECTION('',(0.,0.,1.));
#14115=DIRECTION('',(0.,1.,0.));
#14116=FACE_OUTER_BOUND($,#14117,.T.);
#14117=EDGE_LOOP($,(#14140, #14118, #14150, #14129));
#14140=ORIENTED_EDGE('',*,*,#13946,.T.);
#14118=ORIENTED_EDGE('',*,*,#14099,.T.);
#14150=ORIENTED_EDGE('',*,*,#13917,.T.);
#14129=ORIENTED_EDGE('',*,*,#14047,.T.);
#14162=STYLED_ITEM('',(#34),#14163);
#14163=ADVANCED_FACE('',(#14169),#14164,.T.);
#14164=PLANE('',#14165);
#14165=AXIS2_PLACEMENT_3D('',#14166,#14167,#14168);
#14166=CARTESIAN_POINT('',(-1.825,1.89,0.381));
#14167=DIRECTION('',(1.0,0.0,0.0));
#14168=DIRECTION('',(0.,0.,1.));
#14169=FACE_OUTER_BOUND('',#14170,.T.);
#14170=EDGE_LOOP('',(#14171,#14181,#14191,#14201));
#14171=ORIENTED_EDGE('',*,*,#13799,.T.);
#14181=ORIENTED_EDGE('',*,*,#13966,.T.);
#14191=ORIENTED_EDGE('',*,*,#14027,.T.);
#14201=ORIENTED_EDGE('',*,*,#13897,.T.);
#14629=MANIFOLD_SOLID_BREP($,#14630);
#14630=CLOSED_SHELL('',(#14632,#14681,#14730,#14799,#14868,#14920,#14972,#15025));
#14631=STYLED_ITEM('',(#34),#14632);
#14632=ADVANCED_FACE('',(#14638),#14633,.T.);
#14633=PLANE('',#14634);
#14634=AXIS2_PLACEMENT_3D('',#14635,#14636,#14637);
#14635=CARTESIAN_POINT('',(0.89,2.376,0.381));
#14636=DIRECTION('',(0.0,0.0,1.0));
#14637=DIRECTION('',(0.,1.,0.));
#14638=FACE_OUTER_BOUND('',#14639,.T.);
#14639=EDGE_LOOP('',(#14640,#14650,#14660,#14670));
#14643=CARTESIAN_POINT('',(0.61,2.376,0.381));
#14642=VERTEX_POINT('',#14643);
#14645=CARTESIAN_POINT('',(0.89,2.376,0.381));
#14644=VERTEX_POINT('',#14645);
#14641=EDGE_CURVE('',#14642,#14644,#14646,.T.);
#14646=LINE('',#14643,#14648);
#14648=VECTOR('',#14649,0.279999948);
#14649=DIRECTION('',(1.0,0.0,0.0));
#14640=ORIENTED_EDGE('',*,*,#14641,.F.);
#14653=CARTESIAN_POINT('',(0.61,2.325,0.381));
#14652=VERTEX_POINT('',#14653);
#14651=EDGE_CURVE('',#14652,#14642,#14656,.T.);
#14656=LINE('',#14653,#14658);
#14658=VECTOR('',#14659,0.0507999991660162);
#14659=DIRECTION('',(0.0,1.0,0.0));
#14650=ORIENTED_EDGE('',*,*,#14651,.F.);
#14663=CARTESIAN_POINT('',(0.89,2.325,0.381));
#14662=VERTEX_POINT('',#14663);
#14661=EDGE_CURVE('',#14662,#14652,#14666,.T.);
#14666=LINE('',#14663,#14668);
#14668=VECTOR('',#14669,0.279999945882873);
#14669=DIRECTION('',(-1.0,0.0,0.0));
#14660=ORIENTED_EDGE('',*,*,#14661,.F.);
#14671=EDGE_CURVE('',#14644,#14662,#14676,.T.);
#14676=LINE('',#14645,#14678);
#14678=VECTOR('',#14679,0.0507999991660161);
#14679=DIRECTION('',(0.0,-1.0,0.0));
#14670=ORIENTED_EDGE('',*,*,#14671,.F.);
#14680=STYLED_ITEM('',(#34),#14681);
#14681=ADVANCED_FACE('',(#14687),#14682,.T.);
#14682=PLANE('',#14683);
#14683=AXIS2_PLACEMENT_3D('',#14684,#14685,#14686);
#14684=CARTESIAN_POINT('',(0.89,2.376,0.0));
#14685=DIRECTION('',(0.0,1.0,0.0));
#14686=DIRECTION('',(0.,0.,1.));
#14687=FACE_OUTER_BOUND('',#14688,.T.);
#14688=EDGE_LOOP('',(#14689,#14699,#14709,#14719));
#14692=CARTESIAN_POINT('',(0.61,2.376,0.0));
#14691=VERTEX_POINT('',#14692);
#14694=CARTESIAN_POINT('',(0.89,2.376,0.0));
#14693=VERTEX_POINT('',#14694);
#14690=EDGE_CURVE('',#14691,#14693,#14695,.T.);
#14695=LINE('',#14692,#14697);
#14697=VECTOR('',#14698,0.279999948);
#14698=DIRECTION('',(1.0,0.0,0.0));
#14689=ORIENTED_EDGE('',*,*,#14690,.F.);
#14700=EDGE_CURVE('',#14642,#14691,#14705,.T.);
#14705=LINE('',#14643,#14707);
#14707=VECTOR('',#14708,0.381);
#14708=DIRECTION('',(0.0,0.0,-1.0));
#14699=ORIENTED_EDGE('',*,*,#14700,.F.);
#14709=ORIENTED_EDGE('',*,*,#14641,.T.);
#14720=EDGE_CURVE('',#14693,#14644,#14725,.T.);
#14725=LINE('',#14694,#14727);
#14727=VECTOR('',#14728,0.381);
#14728=DIRECTION('',(0.0,0.0,1.0));
#14719=ORIENTED_EDGE('',*,*,#14720,.F.);
#14729=STYLED_ITEM('',(#34),#14730);
#14730=ADVANCED_FACE('',(#14736),#14731,.T.);
#14731=PLANE('',#14732);
#14732=AXIS2_PLACEMENT_3D('',#14733,#14734,#14735);
#14733=CARTESIAN_POINT('',(0.89,2.376,0.0));
#14734=DIRECTION('',(1.0,0.0,0.0));
#14735=DIRECTION('',(0.,0.,1.));
#14736=FACE_OUTER_BOUND('',#14737,.T.);
#14737=EDGE_LOOP('',(#14738,#14748,#14758,#14768,#14778,#14788));
#14738=ORIENTED_EDGE('',*,*,#14720,.T.);
#14748=ORIENTED_EDGE('',*,*,#14671,.T.);
#14761=CARTESIAN_POINT('',(0.89,2.325,0.051));
#14760=VERTEX_POINT('',#14761);
#14759=EDGE_CURVE('',#14760,#14662,#14764,.T.);
#14764=LINE('',#14761,#14766);
#14766=VECTOR('',#14767,0.3302);
#14767=DIRECTION('',(0.0,0.0,1.0));
#14758=ORIENTED_EDGE('',*,*,#14759,.F.);
#14771=CARTESIAN_POINT('',(0.89,1.94,0.051));
#14770=VERTEX_POINT('',#14771);
#14769=EDGE_CURVE('',#14770,#14760,#14774,.T.);
#14774=LINE('',#14771,#14776);
#14776=VECTOR('',#14777,0.384999862824327);
#14777=DIRECTION('',(0.0,1.0,0.0));
#14768=ORIENTED_EDGE('',*,*,#14769,.F.);
#14781=CARTESIAN_POINT('',(0.89,1.94,0.0));
#14780=VERTEX_POINT('',#14781);
#14779=EDGE_CURVE('',#14780,#14770,#14784,.T.);
#14784=LINE('',#14781,#14786);
#14786=VECTOR('',#14787,0.0508);
#14787=DIRECTION('',(0.0,0.0,1.0));
#14778=ORIENTED_EDGE('',*,*,#14779,.F.);
#14789=EDGE_CURVE('',#14693,#14780,#14794,.T.);
#14794=LINE('',#14694,#14796);
#14796=VECTOR('',#14797,0.435799861990343);
#14797=DIRECTION('',(0.0,-1.0,0.0));
#14788=ORIENTED_EDGE('',*,*,#14789,.F.);
#14798=STYLED_ITEM('',(#34),#14799);
#14799=ADVANCED_FACE('',(#14805),#14800,.T.);
#14800=PLANE('',#14801);
#14801=AXIS2_PLACEMENT_3D('',#14802,#14803,#14804);
#14802=CARTESIAN_POINT('',(0.61,1.94,0.0));
#14803=DIRECTION('',(-1.0,0.0,0.0));
#14804=DIRECTION('',(0.,0.,1.));
#14805=FACE_OUTER_BOUND('',#14806,.T.);
#14806=EDGE_LOOP('',(#14807,#14817,#14827,#14837,#14847,#14857));
#14810=CARTESIAN_POINT('',(0.61,1.94,0.051));
#14809=VERTEX_POINT('',#14810);
#14812=CARTESIAN_POINT('',(0.61,1.94,0.0));
#14811=VERTEX_POINT('',#14812);
#14808=EDGE_CURVE('',#14809,#14811,#14813,.T.);
#14813=LINE('',#14810,#14815);
#14815=VECTOR('',#14816,0.0508);
#14816=DIRECTION('',(0.0,0.0,-1.0));
#14807=ORIENTED_EDGE('',*,*,#14808,.F.);
#14820=CARTESIAN_POINT('',(0.61,2.325,0.051));
#14819=VERTEX_POINT('',#14820);
#14818=EDGE_CURVE('',#14819,#14809,#14823,.T.);
#14823=LINE('',#14820,#14825);
#14825=VECTOR('',#14826,0.384999862824327);
#14826=DIRECTION('',(0.0,-1.0,0.0));
#14817=ORIENTED_EDGE('',*,*,#14818,.F.);
#14828=EDGE_CURVE('',#14652,#14819,#14833,.T.);
#14833=LINE('',#14653,#14835);
#14835=VECTOR('',#14836,0.3302);
#14836=DIRECTION('',(0.0,0.0,-1.0));
#14827=ORIENTED_EDGE('',*,*,#14828,.F.);
#14837=ORIENTED_EDGE('',*,*,#14651,.T.);
#14847=ORIENTED_EDGE('',*,*,#14700,.T.);
#14858=EDGE_CURVE('',#14811,#14691,#14863,.T.);
#14863=LINE('',#14812,#14865);
#14865=VECTOR('',#14866,0.435799861990343);
#14866=DIRECTION('',(0.0,1.0,0.0));
#14857=ORIENTED_EDGE('',*,*,#14858,.F.);
#14867=STYLED_ITEM('color',(#34),#14868);
#14868=ADVANCED_FACE($,(#14874),#14869,.T.);
#14869=PLANE($,#14870);
#14870=AXIS2_PLACEMENT_3D($,#14871,#14872,#14873);
#14871=CARTESIAN_POINT('',(0.89,2.325,0.051));
#14872=DIRECTION('',(0.0,0.0,1.0));
#14873=DIRECTION('',(1.,0.,0.));
#14874=FACE_OUTER_BOUND($,#14875,.T.);
#14875=EDGE_LOOP($,(#14878, #14888, #14898, #14908));
#14878=ORIENTED_EDGE('',*,*,#14769,.T.);
#14889=EDGE_CURVE('',#14819,#14760,#14894,.T.);
#14894=LINE('',#14820,#14896);
#14896=VECTOR('',#14897,0.279999945882873);
#14897=DIRECTION('',(1.0,0.0,0.0));
#14888=ORIENTED_EDGE('',*,*,#14889,.F.);
#14898=ORIENTED_EDGE('',*,*,#14818,.T.);
#14909=EDGE_CURVE($,#14770,#14809,#14914,.T.);
#14914=CIRCLE($,#14915,0.139999974);
#14916=CARTESIAN_POINT('',(0.75,1.94,0.051));
#14915=AXIS2_PLACEMENT_3D($,#14916,#14917,#14918);
#14917=DIRECTION('',(0.0,0.0,-1.0));
#14918=DIRECTION('',(-1.0,0.0,0.0));
#14908=ORIENTED_EDGE('',*,*,#14909,.F.);
#14919=STYLED_ITEM('color',(#34),#14920);
#14920=ADVANCED_FACE($,(#14926),#14921,.T.);
#14921=PLANE($,#14922);
#14922=AXIS2_PLACEMENT_3D($,#14923,#14924,#14925);
#14923=CARTESIAN_POINT('',(0.61,1.94,0.0));
#14924=DIRECTION('',(0.0,0.0,-1.0));
#14925=DIRECTION('',(1.,0.,0.));
#14926=FACE_OUTER_BOUND($,#14927,.T.);
#14927=EDGE_LOOP($,(#14930, #14940, #14950, #14960));
#14930=ORIENTED_EDGE('',*,*,#14858,.T.);
#14940=ORIENTED_EDGE('',*,*,#14690,.T.);
#14950=ORIENTED_EDGE('',*,*,#14789,.T.);
#14961=EDGE_CURVE($,#14811,#14780,#14966,.T.);
#14966=CIRCLE($,#14967,0.139999974);
#14968=CARTESIAN_POINT('',(0.75,1.94,0.0));
#14967=AXIS2_PLACEMENT_3D($,#14968,#14969,#14970);
#14969=DIRECTION('',(0.0,0.0,1.0));
#14970=DIRECTION('',(1.0,0.0,0.0));
#14960=ORIENTED_EDGE('',*,*,#14961,.F.);
#14971=STYLED_ITEM('color',(#34),#14972);
#14972=ADVANCED_FACE($,(#14978),#14973,.T.);
#14973=CYLINDRICAL_SURFACE($,#14974,0.139999974);
#14974=AXIS2_PLACEMENT_3D($,#14975,#14976,#14977);
#14975=CARTESIAN_POINT('',(0.75,1.94,0.0));
#14976=DIRECTION('',(0.,0.,1.));
#14977=DIRECTION('',(0.,1.,0.));
#14978=FACE_OUTER_BOUND($,#14979,.T.);
#14979=EDGE_LOOP($,(#15002, #14980, #15012, #14991));
#15002=ORIENTED_EDGE('',*,*,#14808,.T.);
#14980=ORIENTED_EDGE('',*,*,#14961,.T.);
#15012=ORIENTED_EDGE('',*,*,#14779,.T.);
#14991=ORIENTED_EDGE('',*,*,#14909,.T.);
#15024=STYLED_ITEM('',(#34),#15025);
#15025=ADVANCED_FACE('',(#15031),#15026,.T.);
#15026=PLANE('',#15027);
#15027=AXIS2_PLACEMENT_3D('',#15028,#15029,#15030);
#15028=CARTESIAN_POINT('',(0.89,2.325,0.381));
#15029=DIRECTION('',(0.0,-1.0,0.0));
#15030=DIRECTION('',(0.,0.,1.));
#15031=FACE_OUTER_BOUND('',#15032,.T.);
#15032=EDGE_LOOP('',(#15033,#15043,#15053,#15063));
#15033=ORIENTED_EDGE('',*,*,#14661,.T.);
#15043=ORIENTED_EDGE('',*,*,#14828,.T.);
#15053=ORIENTED_EDGE('',*,*,#14889,.T.);
#15063=ORIENTED_EDGE('',*,*,#14759,.T.);
#15491=MANIFOLD_SOLID_BREP($,#15492);
#15492=CLOSED_SHELL('',(#15494,#15543,#15592,#15661,#15730,#15782,#15834,#15887));
#15493=STYLED_ITEM('',(#34),#15494);
#15494=ADVANCED_FACE('',(#15500),#15495,.T.);
#15495=PLANE('',#15496);
#15496=AXIS2_PLACEMENT_3D('',#15497,#15498,#15499);
#15497=CARTESIAN_POINT('',(-0.61,2.376,0.381));
#15498=DIRECTION('',(0.0,0.0,1.0));
#15499=DIRECTION('',(0.,1.,0.));
#15500=FACE_OUTER_BOUND('',#15501,.T.);
#15501=EDGE_LOOP('',(#15502,#15512,#15522,#15532));
#15505=CARTESIAN_POINT('',(-0.89,2.376,0.381));
#15504=VERTEX_POINT('',#15505);
#15507=CARTESIAN_POINT('',(-0.61,2.376,0.381));
#15506=VERTEX_POINT('',#15507);
#15503=EDGE_CURVE('',#15504,#15506,#15508,.T.);
#15508=LINE('',#15505,#15510);
#15510=VECTOR('',#15511,0.279999948);
#15511=DIRECTION('',(1.0,0.0,0.0));
#15502=ORIENTED_EDGE('',*,*,#15503,.F.);
#15515=CARTESIAN_POINT('',(-0.89,2.325,0.381));
#15514=VERTEX_POINT('',#15515);
#15513=EDGE_CURVE('',#15514,#15504,#15518,.T.);
#15518=LINE('',#15515,#15520);
#15520=VECTOR('',#15521,0.0507999991660162);
#15521=DIRECTION('',(0.0,1.0,0.0));
#15512=ORIENTED_EDGE('',*,*,#15513,.F.);
#15525=CARTESIAN_POINT('',(-0.61,2.325,0.381));
#15524=VERTEX_POINT('',#15525);
#15523=EDGE_CURVE('',#15524,#15514,#15528,.T.);
#15528=LINE('',#15525,#15530);
#15530=VECTOR('',#15531,0.279999945882873);
#15531=DIRECTION('',(-1.0,0.0,0.0));
#15522=ORIENTED_EDGE('',*,*,#15523,.F.);
#15533=EDGE_CURVE('',#15506,#15524,#15538,.T.);
#15538=LINE('',#15507,#15540);
#15540=VECTOR('',#15541,0.0507999991660161);
#15541=DIRECTION('',(0.0,-1.0,0.0));
#15532=ORIENTED_EDGE('',*,*,#15533,.F.);
#15542=STYLED_ITEM('',(#34),#15543);
#15543=ADVANCED_FACE('',(#15549),#15544,.T.);
#15544=PLANE('',#15545);
#15545=AXIS2_PLACEMENT_3D('',#15546,#15547,#15548);
#15546=CARTESIAN_POINT('',(-0.61,2.376,0.0));
#15547=DIRECTION('',(0.0,1.0,0.0));
#15548=DIRECTION('',(0.,0.,1.));
#15549=FACE_OUTER_BOUND('',#15550,.T.);
#15550=EDGE_LOOP('',(#15551,#15561,#15571,#15581));
#15554=CARTESIAN_POINT('',(-0.89,2.376,0.0));
#15553=VERTEX_POINT('',#15554);
#15556=CARTESIAN_POINT('',(-0.61,2.376,0.0));
#15555=VERTEX_POINT('',#15556);
#15552=EDGE_CURVE('',#15553,#15555,#15557,.T.);
#15557=LINE('',#15554,#15559);
#15559=VECTOR('',#15560,0.279999948);
#15560=DIRECTION('',(1.0,0.0,0.0));
#15551=ORIENTED_EDGE('',*,*,#15552,.F.);
#15562=EDGE_CURVE('',#15504,#15553,#15567,.T.);
#15567=LINE('',#15505,#15569);
#15569=VECTOR('',#15570,0.381);
#15570=DIRECTION('',(0.0,0.0,-1.0));
#15561=ORIENTED_EDGE('',*,*,#15562,.F.);
#15571=ORIENTED_EDGE('',*,*,#15503,.T.);
#15582=EDGE_CURVE('',#15555,#15506,#15587,.T.);
#15587=LINE('',#15556,#15589);
#15589=VECTOR('',#15590,0.381);
#15590=DIRECTION('',(0.0,0.0,1.0));
#15581=ORIENTED_EDGE('',*,*,#15582,.F.);
#15591=STYLED_ITEM('',(#34),#15592);
#15592=ADVANCED_FACE('',(#15598),#15593,.T.);
#15593=PLANE('',#15594);
#15594=AXIS2_PLACEMENT_3D('',#15595,#15596,#15597);
#15595=CARTESIAN_POINT('',(-0.61,2.376,0.0));
#15596=DIRECTION('',(1.0,0.0,0.0));
#15597=DIRECTION('',(0.,0.,1.));
#15598=FACE_OUTER_BOUND('',#15599,.T.);
#15599=EDGE_LOOP('',(#15600,#15610,#15620,#15630,#15640,#15650));
#15600=ORIENTED_EDGE('',*,*,#15582,.T.);
#15610=ORIENTED_EDGE('',*,*,#15533,.T.);
#15623=CARTESIAN_POINT('',(-0.61,2.325,0.051));
#15622=VERTEX_POINT('',#15623);
#15621=EDGE_CURVE('',#15622,#15524,#15626,.T.);
#15626=LINE('',#15623,#15628);
#15628=VECTOR('',#15629,0.3302);
#15629=DIRECTION('',(0.0,0.0,1.0));
#15620=ORIENTED_EDGE('',*,*,#15621,.F.);
#15633=CARTESIAN_POINT('',(-0.61,1.94,0.051));
#15632=VERTEX_POINT('',#15633);
#15631=EDGE_CURVE('',#15632,#15622,#15636,.T.);
#15636=LINE('',#15633,#15638);
#15638=VECTOR('',#15639,0.384999862824327);
#15639=DIRECTION('',(0.0,1.0,0.0));
#15630=ORIENTED_EDGE('',*,*,#15631,.F.);
#15643=CARTESIAN_POINT('',(-0.61,1.94,0.0));
#15642=VERTEX_POINT('',#15643);
#15641=EDGE_CURVE('',#15642,#15632,#15646,.T.);
#15646=LINE('',#15643,#15648);
#15648=VECTOR('',#15649,0.0508);
#15649=DIRECTION('',(0.0,0.0,1.0));
#15640=ORIENTED_EDGE('',*,*,#15641,.F.);
#15651=EDGE_CURVE('',#15555,#15642,#15656,.T.);
#15656=LINE('',#15556,#15658);
#15658=VECTOR('',#15659,0.435799861990343);
#15659=DIRECTION('',(0.0,-1.0,0.0));
#15650=ORIENTED_EDGE('',*,*,#15651,.F.);
#15660=STYLED_ITEM('',(#34),#15661);
#15661=ADVANCED_FACE('',(#15667),#15662,.T.);
#15662=PLANE('',#15663);
#15663=AXIS2_PLACEMENT_3D('',#15664,#15665,#15666);
#15664=CARTESIAN_POINT('',(-0.89,1.94,0.0));
#15665=DIRECTION('',(-1.0,0.0,0.0));
#15666=DIRECTION('',(0.,0.,1.));
#15667=FACE_OUTER_BOUND('',#15668,.T.);
#15668=EDGE_LOOP('',(#15669,#15679,#15689,#15699,#15709,#15719));
#15672=CARTESIAN_POINT('',(-0.89,1.94,0.051));
#15671=VERTEX_POINT('',#15672);
#15674=CARTESIAN_POINT('',(-0.89,1.94,0.0));
#15673=VERTEX_POINT('',#15674);
#15670=EDGE_CURVE('',#15671,#15673,#15675,.T.);
#15675=LINE('',#15672,#15677);
#15677=VECTOR('',#15678,0.0508);
#15678=DIRECTION('',(0.0,0.0,-1.0));
#15669=ORIENTED_EDGE('',*,*,#15670,.F.);
#15682=CARTESIAN_POINT('',(-0.89,2.325,0.051));
#15681=VERTEX_POINT('',#15682);
#15680=EDGE_CURVE('',#15681,#15671,#15685,.T.);
#15685=LINE('',#15682,#15687);
#15687=VECTOR('',#15688,0.384999862824327);
#15688=DIRECTION('',(0.0,-1.0,0.0));
#15679=ORIENTED_EDGE('',*,*,#15680,.F.);
#15690=EDGE_CURVE('',#15514,#15681,#15695,.T.);
#15695=LINE('',#15515,#15697);
#15697=VECTOR('',#15698,0.3302);
#15698=DIRECTION('',(0.0,0.0,-1.0));
#15689=ORIENTED_EDGE('',*,*,#15690,.F.);
#15699=ORIENTED_EDGE('',*,*,#15513,.T.);
#15709=ORIENTED_EDGE('',*,*,#15562,.T.);
#15720=EDGE_CURVE('',#15673,#15553,#15725,.T.);
#15725=LINE('',#15674,#15727);
#15727=VECTOR('',#15728,0.435799861990343);
#15728=DIRECTION('',(0.0,1.0,0.0));
#15719=ORIENTED_EDGE('',*,*,#15720,.F.);
#15729=STYLED_ITEM('color',(#34),#15730);
#15730=ADVANCED_FACE($,(#15736),#15731,.T.);
#15731=PLANE($,#15732);
#15732=AXIS2_PLACEMENT_3D($,#15733,#15734,#15735);
#15733=CARTESIAN_POINT('',(-0.61,2.325,0.051));
#15734=DIRECTION('',(0.0,0.0,1.0));
#15735=DIRECTION('',(1.,0.,0.));
#15736=FACE_OUTER_BOUND($,#15737,.T.);
#15737=EDGE_LOOP($,(#15740, #15750, #15760, #15770));
#15740=ORIENTED_EDGE('',*,*,#15631,.T.);
#15751=EDGE_CURVE('',#15681,#15622,#15756,.T.);
#15756=LINE('',#15682,#15758);
#15758=VECTOR('',#15759,0.279999945882873);
#15759=DIRECTION('',(1.0,0.0,0.0));
#15750=ORIENTED_EDGE('',*,*,#15751,.F.);
#15760=ORIENTED_EDGE('',*,*,#15680,.T.);
#15771=EDGE_CURVE($,#15632,#15671,#15776,.T.);
#15776=CIRCLE($,#15777,0.139999974);
#15778=CARTESIAN_POINT('',(-0.75,1.94,0.051));
#15777=AXIS2_PLACEMENT_3D($,#15778,#15779,#15780);
#15779=DIRECTION('',(0.0,0.0,-1.0));
#15780=DIRECTION('',(-1.0,0.0,0.0));
#15770=ORIENTED_EDGE('',*,*,#15771,.F.);
#15781=STYLED_ITEM('color',(#34),#15782);
#15782=ADVANCED_FACE($,(#15788),#15783,.T.);
#15783=PLANE($,#15784);
#15784=AXIS2_PLACEMENT_3D($,#15785,#15786,#15787);
#15785=CARTESIAN_POINT('',(-0.89,1.94,0.0));
#15786=DIRECTION('',(0.0,0.0,-1.0));
#15787=DIRECTION('',(1.,0.,0.));
#15788=FACE_OUTER_BOUND($,#15789,.T.);
#15789=EDGE_LOOP($,(#15792, #15802, #15812, #15822));
#15792=ORIENTED_EDGE('',*,*,#15720,.T.);
#15802=ORIENTED_EDGE('',*,*,#15552,.T.);
#15812=ORIENTED_EDGE('',*,*,#15651,.T.);
#15823=EDGE_CURVE($,#15673,#15642,#15828,.T.);
#15828=CIRCLE($,#15829,0.139999974);
#15830=CARTESIAN_POINT('',(-0.75,1.94,0.0));
#15829=AXIS2_PLACEMENT_3D($,#15830,#15831,#15832);
#15831=DIRECTION('',(0.0,0.0,1.0));
#15832=DIRECTION('',(1.0,0.0,0.0));
#15822=ORIENTED_EDGE('',*,*,#15823,.F.);
#15833=STYLED_ITEM('color',(#34),#15834);
#15834=ADVANCED_FACE($,(#15840),#15835,.T.);
#15835=CYLINDRICAL_SURFACE($,#15836,0.139999974);
#15836=AXIS2_PLACEMENT_3D($,#15837,#15838,#15839);
#15837=CARTESIAN_POINT('',(-0.75,1.94,0.0));
#15838=DIRECTION('',(0.,0.,1.));
#15839=DIRECTION('',(0.,1.,0.));
#15840=FACE_OUTER_BOUND($,#15841,.T.);
#15841=EDGE_LOOP($,(#15864, #15842, #15874, #15853));
#15864=ORIENTED_EDGE('',*,*,#15670,.T.);
#15842=ORIENTED_EDGE('',*,*,#15823,.T.);
#15874=ORIENTED_EDGE('',*,*,#15641,.T.);
#15853=ORIENTED_EDGE('',*,*,#15771,.T.);
#15886=STYLED_ITEM('',(#34),#15887);
#15887=ADVANCED_FACE('',(#15893),#15888,.T.);
#15888=PLANE('',#15889);
#15889=AXIS2_PLACEMENT_3D('',#15890,#15891,#15892);
#15890=CARTESIAN_POINT('',(-0.61,2.325,0.381));
#15891=DIRECTION('',(0.0,-1.0,0.0));
#15892=DIRECTION('',(0.,0.,1.));
#15893=FACE_OUTER_BOUND('',#15894,.T.);
#15894=EDGE_LOOP('',(#15895,#15905,#15915,#15925));
#15895=ORIENTED_EDGE('',*,*,#15523,.T.);
#15905=ORIENTED_EDGE('',*,*,#15690,.T.);
#15915=ORIENTED_EDGE('',*,*,#15751,.T.);
#15925=ORIENTED_EDGE('',*,*,#15621,.T.);
#16353=MANIFOLD_SOLID_BREP($,#16354);
#16354=CLOSED_SHELL('',(#16356,#16405,#16454,#16523,#16592,#16644,#16696,#16749));
#16355=STYLED_ITEM('',(#34),#16356);
#16356=ADVANCED_FACE('',(#16362),#16357,.T.);
#16357=PLANE('',#16358);
#16358=AXIS2_PLACEMENT_3D('',#16359,#16360,#16361);
#16359=CARTESIAN_POINT('',(-0.89,-2.376,0.381));
#16360=DIRECTION('',(0.0,0.0,1.0));
#16361=DIRECTION('',(0.,1.,0.));
#16362=FACE_OUTER_BOUND('',#16363,.T.);
#16363=EDGE_LOOP('',(#16364,#16374,#16384,#16394));
#16367=CARTESIAN_POINT('',(-0.61,-2.376,0.381));
#16366=VERTEX_POINT('',#16367);
#16369=CARTESIAN_POINT('',(-0.89,-2.376,0.381));
#16368=VERTEX_POINT('',#16369);
#16365=EDGE_CURVE('',#16366,#16368,#16370,.T.);
#16370=LINE('',#16367,#16372);
#16372=VECTOR('',#16373,0.279999948);
#16373=DIRECTION('',(-1.0,0.0,0.0));
#16364=ORIENTED_EDGE('',*,*,#16365,.F.);
#16377=CARTESIAN_POINT('',(-0.61,-2.325,0.381));
#16376=VERTEX_POINT('',#16377);
#16375=EDGE_CURVE('',#16376,#16366,#16380,.T.);
#16380=LINE('',#16377,#16382);
#16382=VECTOR('',#16383,0.0507999991660158);
#16383=DIRECTION('',(0.0,-1.0,0.0));
#16374=ORIENTED_EDGE('',*,*,#16375,.F.);
#16387=CARTESIAN_POINT('',(-0.89,-2.325,0.381));
#16386=VERTEX_POINT('',#16387);
#16385=EDGE_CURVE('',#16386,#16376,#16390,.T.);
#16390=LINE('',#16387,#16392);
#16392=VECTOR('',#16393,0.279999945882873);
#16393=DIRECTION('',(1.0,0.0,0.0));
#16384=ORIENTED_EDGE('',*,*,#16385,.F.);
#16395=EDGE_CURVE('',#16368,#16386,#16400,.T.);
#16400=LINE('',#16369,#16402);
#16402=VECTOR('',#16403,0.0507999991660157);
#16403=DIRECTION('',(0.0,1.0,0.0));
#16394=ORIENTED_EDGE('',*,*,#16395,.F.);
#16404=STYLED_ITEM('',(#34),#16405);
#16405=ADVANCED_FACE('',(#16411),#16406,.T.);
#16406=PLANE('',#16407);
#16407=AXIS2_PLACEMENT_3D('',#16408,#16409,#16410);
#16408=CARTESIAN_POINT('',(-0.89,-2.376,0.0));
#16409=DIRECTION('',(0.0,-1.0,0.0));
#16410=DIRECTION('',(0.,0.,1.));
#16411=FACE_OUTER_BOUND('',#16412,.T.);
#16412=EDGE_LOOP('',(#16413,#16423,#16433,#16443));
#16416=CARTESIAN_POINT('',(-0.61,-2.376,0.0));
#16415=VERTEX_POINT('',#16416);
#16418=CARTESIAN_POINT('',(-0.89,-2.376,0.0));
#16417=VERTEX_POINT('',#16418);
#16414=EDGE_CURVE('',#16415,#16417,#16419,.T.);
#16419=LINE('',#16416,#16421);
#16421=VECTOR('',#16422,0.279999948);
#16422=DIRECTION('',(-1.0,0.0,0.0));
#16413=ORIENTED_EDGE('',*,*,#16414,.F.);
#16424=EDGE_CURVE('',#16366,#16415,#16429,.T.);
#16429=LINE('',#16367,#16431);
#16431=VECTOR('',#16432,0.381);
#16432=DIRECTION('',(0.0,0.0,-1.0));
#16423=ORIENTED_EDGE('',*,*,#16424,.F.);
#16433=ORIENTED_EDGE('',*,*,#16365,.T.);
#16444=EDGE_CURVE('',#16417,#16368,#16449,.T.);
#16449=LINE('',#16418,#16451);
#16451=VECTOR('',#16452,0.381);
#16452=DIRECTION('',(0.0,0.0,1.0));
#16443=ORIENTED_EDGE('',*,*,#16444,.F.);
#16453=STYLED_ITEM('',(#34),#16454);
#16454=ADVANCED_FACE('',(#16460),#16455,.T.);
#16455=PLANE('',#16456);
#16456=AXIS2_PLACEMENT_3D('',#16457,#16458,#16459);
#16457=CARTESIAN_POINT('',(-0.89,-2.376,0.0));
#16458=DIRECTION('',(-1.0,0.0,0.0));
#16459=DIRECTION('',(0.,0.,1.));
#16460=FACE_OUTER_BOUND('',#16461,.T.);
#16461=EDGE_LOOP('',(#16462,#16472,#16482,#16492,#16502,#16512));
#16462=ORIENTED_EDGE('',*,*,#16444,.T.);
#16472=ORIENTED_EDGE('',*,*,#16395,.T.);
#16485=CARTESIAN_POINT('',(-0.89,-2.325,0.051));
#16484=VERTEX_POINT('',#16485);
#16483=EDGE_CURVE('',#16484,#16386,#16488,.T.);
#16488=LINE('',#16485,#16490);
#16490=VECTOR('',#16491,0.3302);
#16491=DIRECTION('',(0.0,0.0,1.0));
#16482=ORIENTED_EDGE('',*,*,#16483,.F.);
#16495=CARTESIAN_POINT('',(-0.89,-1.94,0.051));
#16494=VERTEX_POINT('',#16495);
#16493=EDGE_CURVE('',#16494,#16484,#16498,.T.);
#16498=LINE('',#16495,#16500);
#16500=VECTOR('',#16501,0.384999862824327);
#16501=DIRECTION('',(0.0,-1.0,0.0));
#16492=ORIENTED_EDGE('',*,*,#16493,.F.);
#16505=CARTESIAN_POINT('',(-0.89,-1.94,0.0));
#16504=VERTEX_POINT('',#16505);
#16503=EDGE_CURVE('',#16504,#16494,#16508,.T.);
#16508=LINE('',#16505,#16510);
#16510=VECTOR('',#16511,0.0508);
#16511=DIRECTION('',(0.0,0.0,1.0));
#16502=ORIENTED_EDGE('',*,*,#16503,.F.);
#16513=EDGE_CURVE('',#16417,#16504,#16518,.T.);
#16518=LINE('',#16418,#16520);
#16520=VECTOR('',#16521,0.435799861990343);
#16521=DIRECTION('',(0.0,1.0,0.0));
#16512=ORIENTED_EDGE('',*,*,#16513,.F.);
#16522=STYLED_ITEM('',(#34),#16523);
#16523=ADVANCED_FACE('',(#16529),#16524,.T.);
#16524=PLANE('',#16525);
#16525=AXIS2_PLACEMENT_3D('',#16526,#16527,#16528);
#16526=CARTESIAN_POINT('',(-0.61,-1.94,0.0));
#16527=DIRECTION('',(1.0,0.0,0.0));
#16528=DIRECTION('',(0.,0.,1.));
#16529=FACE_OUTER_BOUND('',#16530,.T.);
#16530=EDGE_LOOP('',(#16531,#16541,#16551,#16561,#16571,#16581));
#16534=CARTESIAN_POINT('',(-0.61,-1.94,0.051));
#16533=VERTEX_POINT('',#16534);
#16536=CARTESIAN_POINT('',(-0.61,-1.94,0.0));
#16535=VERTEX_POINT('',#16536);
#16532=EDGE_CURVE('',#16533,#16535,#16537,.T.);
#16537=LINE('',#16534,#16539);
#16539=VECTOR('',#16540,0.0508);
#16540=DIRECTION('',(0.0,0.0,-1.0));
#16531=ORIENTED_EDGE('',*,*,#16532,.F.);
#16544=CARTESIAN_POINT('',(-0.61,-2.325,0.051));
#16543=VERTEX_POINT('',#16544);
#16542=EDGE_CURVE('',#16543,#16533,#16547,.T.);
#16547=LINE('',#16544,#16549);
#16549=VECTOR('',#16550,0.384999862824327);
#16550=DIRECTION('',(0.0,1.0,0.0));
#16541=ORIENTED_EDGE('',*,*,#16542,.F.);
#16552=EDGE_CURVE('',#16376,#16543,#16557,.T.);
#16557=LINE('',#16377,#16559);
#16559=VECTOR('',#16560,0.3302);
#16560=DIRECTION('',(0.0,0.0,-1.0));
#16551=ORIENTED_EDGE('',*,*,#16552,.F.);
#16561=ORIENTED_EDGE('',*,*,#16375,.T.);
#16571=ORIENTED_EDGE('',*,*,#16424,.T.);
#16582=EDGE_CURVE('',#16535,#16415,#16587,.T.);
#16587=LINE('',#16536,#16589);
#16589=VECTOR('',#16590,0.435799861990343);
#16590=DIRECTION('',(0.0,-1.0,0.0));
#16581=ORIENTED_EDGE('',*,*,#16582,.F.);
#16591=STYLED_ITEM('color',(#34),#16592);
#16592=ADVANCED_FACE($,(#16598),#16593,.T.);
#16593=PLANE($,#16594);
#16594=AXIS2_PLACEMENT_3D($,#16595,#16596,#16597);
#16595=CARTESIAN_POINT('',(-0.89,-2.325,0.051));
#16596=DIRECTION('',(0.0,0.0,1.0));
#16597=DIRECTION('',(1.,0.,0.));
#16598=FACE_OUTER_BOUND($,#16599,.T.);
#16599=EDGE_LOOP($,(#16602, #16612, #16622, #16632));
#16602=ORIENTED_EDGE('',*,*,#16493,.T.);
#16613=EDGE_CURVE('',#16543,#16484,#16618,.T.);
#16618=LINE('',#16544,#16620);
#16620=VECTOR('',#16621,0.279999945882873);
#16621=DIRECTION('',(-1.0,0.0,0.0));
#16612=ORIENTED_EDGE('',*,*,#16613,.F.);
#16622=ORIENTED_EDGE('',*,*,#16542,.T.);
#16633=EDGE_CURVE($,#16494,#16533,#16638,.T.);
#16638=CIRCLE($,#16639,0.139999974);
#16640=CARTESIAN_POINT('',(-0.75,-1.94,0.051));
#16639=AXIS2_PLACEMENT_3D($,#16640,#16641,#16642);
#16641=DIRECTION('',(0.0,0.0,-1.0));
#16642=DIRECTION('',(1.0,0.0,0.0));
#16632=ORIENTED_EDGE('',*,*,#16633,.F.);
#16643=STYLED_ITEM('color',(#34),#16644);
#16644=ADVANCED_FACE($,(#16650),#16645,.T.);
#16645=PLANE($,#16646);
#16646=AXIS2_PLACEMENT_3D($,#16647,#16648,#16649);
#16647=CARTESIAN_POINT('',(-0.61,-1.94,0.0));
#16648=DIRECTION('',(0.0,0.0,-1.0));
#16649=DIRECTION('',(1.,0.,0.));
#16650=FACE_OUTER_BOUND($,#16651,.T.);
#16651=EDGE_LOOP($,(#16654, #16664, #16674, #16684));
#16654=ORIENTED_EDGE('',*,*,#16582,.T.);
#16664=ORIENTED_EDGE('',*,*,#16414,.T.);
#16674=ORIENTED_EDGE('',*,*,#16513,.T.);
#16685=EDGE_CURVE($,#16535,#16504,#16690,.T.);
#16690=CIRCLE($,#16691,0.139999974);
#16692=CARTESIAN_POINT('',(-0.75,-1.94,0.0));
#16691=AXIS2_PLACEMENT_3D($,#16692,#16693,#16694);
#16693=DIRECTION('',(0.0,0.0,1.0));
#16694=DIRECTION('',(-1.0,0.0,0.0));
#16684=ORIENTED_EDGE('',*,*,#16685,.F.);
#16695=STYLED_ITEM('color',(#34),#16696);
#16696=ADVANCED_FACE($,(#16702),#16697,.T.);
#16697=CYLINDRICAL_SURFACE($,#16698,0.139999974);
#16698=AXIS2_PLACEMENT_3D($,#16699,#16700,#16701);
#16699=CARTESIAN_POINT('',(-0.75,-1.94,0.0));
#16700=DIRECTION('',(0.,0.,1.));
#16701=DIRECTION('',(0.,1.,0.));
#16702=FACE_OUTER_BOUND($,#16703,.T.);
#16703=EDGE_LOOP($,(#16726, #16704, #16736, #16715));
#16726=ORIENTED_EDGE('',*,*,#16532,.T.);
#16704=ORIENTED_EDGE('',*,*,#16685,.T.);
#16736=ORIENTED_EDGE('',*,*,#16503,.T.);
#16715=ORIENTED_EDGE('',*,*,#16633,.T.);
#16748=STYLED_ITEM('',(#34),#16749);
#16749=ADVANCED_FACE('',(#16755),#16750,.T.);
#16750=PLANE('',#16751);
#16751=AXIS2_PLACEMENT_3D('',#16752,#16753,#16754);
#16752=CARTESIAN_POINT('',(-0.89,-2.325,0.381));
#16753=DIRECTION('',(0.0,1.0,0.0));
#16754=DIRECTION('',(0.,0.,1.));
#16755=FACE_OUTER_BOUND('',#16756,.T.);
#16756=EDGE_LOOP('',(#16757,#16767,#16777,#16787));
#16757=ORIENTED_EDGE('',*,*,#16385,.T.);
#16767=ORIENTED_EDGE('',*,*,#16552,.T.);
#16777=ORIENTED_EDGE('',*,*,#16613,.T.);
#16787=ORIENTED_EDGE('',*,*,#16483,.T.);
#17215=MANIFOLD_SOLID_BREP($,#17216);
#17216=CLOSED_SHELL('',(#17218,#17267,#17316,#17385,#17454,#17506,#17558,#17611));
#17217=STYLED_ITEM('',(#34),#17218);
#17218=ADVANCED_FACE('',(#17224),#17219,.T.);
#17219=PLANE('',#17220);
#17220=AXIS2_PLACEMENT_3D('',#17221,#17222,#17223);
#17221=CARTESIAN_POINT('',(0.61,-2.376,0.381));
#17222=DIRECTION('',(0.0,0.0,1.0));
#17223=DIRECTION('',(0.,1.,0.));
#17224=FACE_OUTER_BOUND('',#17225,.T.);
#17225=EDGE_LOOP('',(#17226,#17236,#17246,#17256));
#17229=CARTESIAN_POINT('',(0.89,-2.376,0.381));
#17228=VERTEX_POINT('',#17229);
#17231=CARTESIAN_POINT('',(0.61,-2.376,0.381));
#17230=VERTEX_POINT('',#17231);
#17227=EDGE_CURVE('',#17228,#17230,#17232,.T.);
#17232=LINE('',#17229,#17234);
#17234=VECTOR('',#17235,0.279999948);
#17235=DIRECTION('',(-1.0,0.0,0.0));
#17226=ORIENTED_EDGE('',*,*,#17227,.F.);
#17239=CARTESIAN_POINT('',(0.89,-2.325,0.381));
#17238=VERTEX_POINT('',#17239);
#17237=EDGE_CURVE('',#17238,#17228,#17242,.T.);
#17242=LINE('',#17239,#17244);
#17244=VECTOR('',#17245,0.0507999991660158);
#17245=DIRECTION('',(0.0,-1.0,0.0));
#17236=ORIENTED_EDGE('',*,*,#17237,.F.);
#17249=CARTESIAN_POINT('',(0.61,-2.325,0.381));
#17248=VERTEX_POINT('',#17249);
#17247=EDGE_CURVE('',#17248,#17238,#17252,.T.);
#17252=LINE('',#17249,#17254);
#17254=VECTOR('',#17255,0.279999945882873);
#17255=DIRECTION('',(1.0,0.0,0.0));
#17246=ORIENTED_EDGE('',*,*,#17247,.F.);
#17257=EDGE_CURVE('',#17230,#17248,#17262,.T.);
#17262=LINE('',#17231,#17264);
#17264=VECTOR('',#17265,0.0507999991660157);
#17265=DIRECTION('',(0.0,1.0,0.0));
#17256=ORIENTED_EDGE('',*,*,#17257,.F.);
#17266=STYLED_ITEM('',(#34),#17267);
#17267=ADVANCED_FACE('',(#17273),#17268,.T.);
#17268=PLANE('',#17269);
#17269=AXIS2_PLACEMENT_3D('',#17270,#17271,#17272);
#17270=CARTESIAN_POINT('',(0.61,-2.376,0.0));
#17271=DIRECTION('',(0.0,-1.0,0.0));
#17272=DIRECTION('',(0.,0.,1.));
#17273=FACE_OUTER_BOUND('',#17274,.T.);
#17274=EDGE_LOOP('',(#17275,#17285,#17295,#17305));
#17278=CARTESIAN_POINT('',(0.89,-2.376,0.0));
#17277=VERTEX_POINT('',#17278);
#17280=CARTESIAN_POINT('',(0.61,-2.376,0.0));
#17279=VERTEX_POINT('',#17280);
#17276=EDGE_CURVE('',#17277,#17279,#17281,.T.);
#17281=LINE('',#17278,#17283);
#17283=VECTOR('',#17284,0.279999948);
#17284=DIRECTION('',(-1.0,0.0,0.0));
#17275=ORIENTED_EDGE('',*,*,#17276,.F.);
#17286=EDGE_CURVE('',#17228,#17277,#17291,.T.);
#17291=LINE('',#17229,#17293);
#17293=VECTOR('',#17294,0.381);
#17294=DIRECTION('',(0.0,0.0,-1.0));
#17285=ORIENTED_EDGE('',*,*,#17286,.F.);
#17295=ORIENTED_EDGE('',*,*,#17227,.T.);
#17306=EDGE_CURVE('',#17279,#17230,#17311,.T.);
#17311=LINE('',#17280,#17313);
#17313=VECTOR('',#17314,0.381);
#17314=DIRECTION('',(0.0,0.0,1.0));
#17305=ORIENTED_EDGE('',*,*,#17306,.F.);
#17315=STYLED_ITEM('',(#34),#17316);
#17316=ADVANCED_FACE('',(#17322),#17317,.T.);
#17317=PLANE('',#17318);
#17318=AXIS2_PLACEMENT_3D('',#17319,#17320,#17321);
#17319=CARTESIAN_POINT('',(0.61,-2.376,0.0));
#17320=DIRECTION('',(-1.0,0.0,0.0));
#17321=DIRECTION('',(0.,0.,1.));
#17322=FACE_OUTER_BOUND('',#17323,.T.);
#17323=EDGE_LOOP('',(#17324,#17334,#17344,#17354,#17364,#17374));
#17324=ORIENTED_EDGE('',*,*,#17306,.T.);
#17334=ORIENTED_EDGE('',*,*,#17257,.T.);
#17347=CARTESIAN_POINT('',(0.61,-2.325,0.051));
#17346=VERTEX_POINT('',#17347);
#17345=EDGE_CURVE('',#17346,#17248,#17350,.T.);
#17350=LINE('',#17347,#17352);
#17352=VECTOR('',#17353,0.3302);
#17353=DIRECTION('',(0.0,0.0,1.0));
#17344=ORIENTED_EDGE('',*,*,#17345,.F.);
#17357=CARTESIAN_POINT('',(0.61,-1.94,0.051));
#17356=VERTEX_POINT('',#17357);
#17355=EDGE_CURVE('',#17356,#17346,#17360,.T.);
#17360=LINE('',#17357,#17362);
#17362=VECTOR('',#17363,0.384999862824327);
#17363=DIRECTION('',(0.0,-1.0,0.0));
#17354=ORIENTED_EDGE('',*,*,#17355,.F.);
#17367=CARTESIAN_POINT('',(0.61,-1.94,0.0));
#17366=VERTEX_POINT('',#17367);
#17365=EDGE_CURVE('',#17366,#17356,#17370,.T.);
#17370=LINE('',#17367,#17372);
#17372=VECTOR('',#17373,0.0508);
#17373=DIRECTION('',(0.0,0.0,1.0));
#17364=ORIENTED_EDGE('',*,*,#17365,.F.);
#17375=EDGE_CURVE('',#17279,#17366,#17380,.T.);
#17380=LINE('',#17280,#17382);
#17382=VECTOR('',#17383,0.435799861990343);
#17383=DIRECTION('',(0.0,1.0,0.0));
#17374=ORIENTED_EDGE('',*,*,#17375,.F.);
#17384=STYLED_ITEM('',(#34),#17385);
#17385=ADVANCED_FACE('',(#17391),#17386,.T.);
#17386=PLANE('',#17387);
#17387=AXIS2_PLACEMENT_3D('',#17388,#17389,#17390);
#17388=CARTESIAN_POINT('',(0.89,-1.94,0.0));
#17389=DIRECTION('',(1.0,0.0,0.0));
#17390=DIRECTION('',(0.,0.,1.));
#17391=FACE_OUTER_BOUND('',#17392,.T.);
#17392=EDGE_LOOP('',(#17393,#17403,#17413,#17423,#17433,#17443));
#17396=CARTESIAN_POINT('',(0.89,-1.94,0.051));
#17395=VERTEX_POINT('',#17396);
#17398=CARTESIAN_POINT('',(0.89,-1.94,0.0));
#17397=VERTEX_POINT('',#17398);
#17394=EDGE_CURVE('',#17395,#17397,#17399,.T.);
#17399=LINE('',#17396,#17401);
#17401=VECTOR('',#17402,0.0508);
#17402=DIRECTION('',(0.0,0.0,-1.0));
#17393=ORIENTED_EDGE('',*,*,#17394,.F.);
#17406=CARTESIAN_POINT('',(0.89,-2.325,0.051));
#17405=VERTEX_POINT('',#17406);
#17404=EDGE_CURVE('',#17405,#17395,#17409,.T.);
#17409=LINE('',#17406,#17411);
#17411=VECTOR('',#17412,0.384999862824327);
#17412=DIRECTION('',(0.0,1.0,0.0));
#17403=ORIENTED_EDGE('',*,*,#17404,.F.);
#17414=EDGE_CURVE('',#17238,#17405,#17419,.T.);
#17419=LINE('',#17239,#17421);
#17421=VECTOR('',#17422,0.3302);
#17422=DIRECTION('',(0.0,0.0,-1.0));
#17413=ORIENTED_EDGE('',*,*,#17414,.F.);
#17423=ORIENTED_EDGE('',*,*,#17237,.T.);
#17433=ORIENTED_EDGE('',*,*,#17286,.T.);
#17444=EDGE_CURVE('',#17397,#17277,#17449,.T.);
#17449=LINE('',#17398,#17451);
#17451=VECTOR('',#17452,0.435799861990343);
#17452=DIRECTION('',(0.0,-1.0,0.0));
#17443=ORIENTED_EDGE('',*,*,#17444,.F.);
#17453=STYLED_ITEM('color',(#34),#17454);
#17454=ADVANCED_FACE($,(#17460),#17455,.T.);
#17455=PLANE($,#17456);
#17456=AXIS2_PLACEMENT_3D($,#17457,#17458,#17459);
#17457=CARTESIAN_POINT('',(0.61,-2.325,0.051));
#17458=DIRECTION('',(0.0,0.0,1.0));
#17459=DIRECTION('',(1.,0.,0.));
#17460=FACE_OUTER_BOUND($,#17461,.T.);
#17461=EDGE_LOOP($,(#17464, #17474, #17484, #17494));
#17464=ORIENTED_EDGE('',*,*,#17355,.T.);
#17475=EDGE_CURVE('',#17405,#17346,#17480,.T.);
#17480=LINE('',#17406,#17482);
#17482=VECTOR('',#17483,0.279999945882873);
#17483=DIRECTION('',(-1.0,0.0,0.0));
#17474=ORIENTED_EDGE('',*,*,#17475,.F.);
#17484=ORIENTED_EDGE('',*,*,#17404,.T.);
#17495=EDGE_CURVE($,#17356,#17395,#17500,.T.);
#17500=CIRCLE($,#17501,0.139999974);
#17502=CARTESIAN_POINT('',(0.75,-1.94,0.051));
#17501=AXIS2_PLACEMENT_3D($,#17502,#17503,#17504);
#17503=DIRECTION('',(0.0,0.0,-1.0));
#17504=DIRECTION('',(1.0,0.0,0.0));
#17494=ORIENTED_EDGE('',*,*,#17495,.F.);
#17505=STYLED_ITEM('color',(#34),#17506);
#17506=ADVANCED_FACE($,(#17512),#17507,.T.);
#17507=PLANE($,#17508);
#17508=AXIS2_PLACEMENT_3D($,#17509,#17510,#17511);
#17509=CARTESIAN_POINT('',(0.89,-1.94,0.0));
#17510=DIRECTION('',(0.0,0.0,-1.0));
#17511=DIRECTION('',(1.,0.,0.));
#17512=FACE_OUTER_BOUND($,#17513,.T.);
#17513=EDGE_LOOP($,(#17516, #17526, #17536, #17546));
#17516=ORIENTED_EDGE('',*,*,#17444,.T.);
#17526=ORIENTED_EDGE('',*,*,#17276,.T.);
#17536=ORIENTED_EDGE('',*,*,#17375,.T.);
#17547=EDGE_CURVE($,#17397,#17366,#17552,.T.);
#17552=CIRCLE($,#17553,0.139999974);
#17554=CARTESIAN_POINT('',(0.75,-1.94,0.0));
#17553=AXIS2_PLACEMENT_3D($,#17554,#17555,#17556);
#17555=DIRECTION('',(0.0,0.0,1.0));
#17556=DIRECTION('',(-1.0,0.0,0.0));
#17546=ORIENTED_EDGE('',*,*,#17547,.F.);
#17557=STYLED_ITEM('color',(#34),#17558);
#17558=ADVANCED_FACE($,(#17564),#17559,.T.);
#17559=CYLINDRICAL_SURFACE($,#17560,0.139999974);
#17560=AXIS2_PLACEMENT_3D($,#17561,#17562,#17563);
#17561=CARTESIAN_POINT('',(0.75,-1.94,0.0));
#17562=DIRECTION('',(0.,0.,1.));
#17563=DIRECTION('',(0.,1.,0.));
#17564=FACE_OUTER_BOUND($,#17565,.T.);
#17565=EDGE_LOOP($,(#17588, #17566, #17598, #17577));
#17588=ORIENTED_EDGE('',*,*,#17394,.T.);
#17566=ORIENTED_EDGE('',*,*,#17547,.T.);
#17598=ORIENTED_EDGE('',*,*,#17365,.T.);
#17577=ORIENTED_EDGE('',*,*,#17495,.T.);
#17610=STYLED_ITEM('',(#34),#17611);
#17611=ADVANCED_FACE('',(#17617),#17612,.T.);
#17612=PLANE('',#17613);
#17613=AXIS2_PLACEMENT_3D('',#17614,#17615,#17616);
#17614=CARTESIAN_POINT('',(0.61,-2.325,0.381));
#17615=DIRECTION('',(0.0,1.0,0.0));
#17616=DIRECTION('',(0.,0.,1.));
#17617=FACE_OUTER_BOUND('',#17618,.T.);
#17618=EDGE_LOOP('',(#17619,#17629,#17639,#17649));
#17619=ORIENTED_EDGE('',*,*,#17247,.T.);
#17629=ORIENTED_EDGE('',*,*,#17414,.T.);
#17639=ORIENTED_EDGE('',*,*,#17475,.T.);
#17649=ORIENTED_EDGE('',*,*,#17345,.T.);
ENDSEC;
END-ISO-10303-21;
